"","Dia","Valor"
"1","04.Jan.2010",507.1
"2","05.Jan.2010",505.7
"3","06.Jan.2010",504.22
"4","07.Jan.2010",497.93
"5","08.Jan.2010",494.54
"6","11.Jan.2010",492.37
"7","12.Jan.2010",489.47
"8","13.Jan.2010",491.16
"9","14.Jan.2010",490.01
"10","15.Jan.2010",493
"11","18.Jan.2010",492.9
"12","19.Jan.2010",490.89
"13","20.Jan.2010",492.21
"14","21.Jan.2010",495.2
"15","22.Jan.2010",498.75
"16","25.Jan.2010",506.36
"17","26.Jan.2010",506.88
"18","27.Jan.2010",512.12
"19","28.Jan.2010",520.69
"20","29.Jan.2010",531.75
"21","01.Feb.2010",523.1
"22","02.Feb.2010",528.48
"23","03.Feb.2010",528.58
"24","04.Feb.2010",535.51
"25","05.Feb.2010",546.18
"26","08.Feb.2010",543.35
"27","09.Feb.2010",541.39
"28","10.Feb.2010",541.23
"29","11.Feb.2010",535.63
"30","12.Feb.2010",533.55
"31","15.Feb.2010",529.6
"32","16.Feb.2010",525.48
"33","17.Feb.2010",527.58
"34","18.Feb.2010",527.81
"35","19.Feb.2010",532.39
"36","22.Feb.2010",533.21
"37","23.Feb.2010",529.19
"38","24.Feb.2010",528.52
"39","25.Feb.2010",530.67
"40","26.Feb.2010",529.69
"41","01.Mar.2010",527.84
"42","02.Mar.2010",524.94
"43","03.Mar.2010",521.49
"44","04.Mar.2010",515.81
"45","05.Mar.2010",515.04
"46","08.Mar.2010",511.23
"47","09.Mar.2010",508.66
"48","10.Mar.2010",512.79
"49","11.Mar.2010",515.17
"50","12.Mar.2010",520.81
"51","15.Mar.2010",516.33
"52","16.Mar.2010",516.45
"53","17.Mar.2010",521.87
"54","18.Mar.2010",526.89
"55","19.Mar.2010",525.95
"56","22.Mar.2010",527.78
"57","23.Mar.2010",533.24
"58","24.Mar.2010",533.87
"59","25.Mar.2010",532.69
"60","26.Mar.2010",532.33
"61","29.Mar.2010",533.06
"62","30.Mar.2010",532.21
"63","31.Mar.2010",526.29
"64","01.Apr.2010",524.46
"65","05.Apr.2010",521.95
"66","06.Apr.2010",519.51
"67","07.Apr.2010",519.99
"68","08.Apr.2010",517.46
"69","09.Apr.2010",517.07
"70","12.Apr.2010",514.91
"71","13.Apr.2010",515.1
"72","14.Apr.2010",515.35
"73","15.Apr.2010",516.34
"74","16.Apr.2010",521.01
"75","19.Apr.2010",522.82
"76","20.Apr.2010",525.13
"77","21.Apr.2010",527.38
"78","22.Apr.2010",523.94
"79","23.Apr.2010",521.42
"80","26.Apr.2010",521.25
"81","27.Apr.2010",519.52
"82","28.Apr.2010",522.65
"83","29.Apr.2010",524.86
"84","30.Apr.2010",520.99
"85","03.May.2010",517.23
"86","04.May.2010",518.44
"87","05.May.2010",522.73
"88","06.May.2010",527.6
"89","07.May.2010",527.59
"90","10.May.2010",532.99
"91","11.May.2010",527.94
"92","12.May.2010",529.96
"93","13.May.2010",529.35
"94","14.May.2010",532.23
"95","17.May.2010",534.33
"96","18.May.2010",538.6
"97","19.May.2010",542.68
"98","20.May.2010",549.17
"99","24.May.2010",548.18
"100","25.May.2010",539.93
"101","26.May.2010",544.59
"102","27.May.2010",539.35
"103","28.May.2010",532.01
"104","31.May.2010",529.23
"105","01.Jun.2010",530.62
"106","02.Jun.2010",533.1
"107","03.Jun.2010",534.72
"108","04.Jun.2010",535.25
"109","07.Jun.2010",540.98
"110","08.Jun.2010",545.32
"111","09.Jun.2010",548.16
"112","10.Jun.2010",542.45
"113","11.Jun.2010",537.81
"114","14.Jun.2010",537.57
"115","15.Jun.2010",535.01
"116","16.Jun.2010",536.15
"117","17.Jun.2010",530.42
"118","18.Jun.2010",530.36
"119","21.Jun.2010",532.74
"120","22.Jun.2010",530.32
"121","23.Jun.2010",532.85
"122","24.Jun.2010",535.56
"123","25.Jun.2010",539.68
"124","29.Jun.2010",537.87
"125","30.Jun.2010",543.09
"126","01.Jul.2010",547.19
"127","02.Jul.2010",545.31
"128","05.Jul.2010",538.36
"129","06.Jul.2010",537.5
"130","07.Jul.2010",535.88
"131","08.Jul.2010",536.79
"132","09.Jul.2010",536.31
"133","12.Jul.2010",538.31
"134","13.Jul.2010",539.02
"135","14.Jul.2010",535.4
"136","15.Jul.2010",534.98
"137","19.Jul.2010",531.51
"138","20.Jul.2010",532.23
"139","21.Jul.2010",530.27
"140","22.Jul.2010",524.62
"141","23.Jul.2010",518.36
"142","26.Jul.2010",520.09
"143","27.Jul.2010",519.75
"144","28.Jul.2010",519.19
"145","29.Jul.2010",522.72
"146","30.Jul.2010",522.36
"147","02.Aug.2010",522.75
"148","03.Aug.2010",517.16
"149","04.Aug.2010",517.67
"150","05.Aug.2010",516.43
"151","06.Aug.2010",515.66
"152","09.Aug.2010",514.72
"153","10.Aug.2010",512.2
"154","11.Aug.2010",513.44
"155","12.Aug.2010",513.27
"156","13.Aug.2010",509.61
"157","16.Aug.2010",509.97
"158","17.Aug.2010",506.28
"159","18.Aug.2010",502.84
"160","19.Aug.2010",499.98
"161","20.Aug.2010",504.75
"162","23.Aug.2010",507.8
"163","24.Aug.2010",503.55
"164","25.Aug.2010",506.33
"165","26.Aug.2010",507.38
"166","27.Aug.2010",503.34
"167","30.Aug.2010",500.74
"168","31.Aug.2010",499.26
"169","01.Sep.2010",503.1
"170","02.Sep.2010",498.15
"171","03.Sep.2010",496.68
"172","06.Sep.2010",495.22
"173","07.Sep.2010",496.87
"174","08.Sep.2010",497.89
"175","09.Sep.2010",497.54
"176","10.Sep.2010",495.28
"177","13.Sep.2010",495.95
"178","14.Sep.2010",494.83
"179","15.Sep.2010",493.66
"180","16.Sep.2010",494.51
"181","21.Sep.2010",496.37
"182","22.Sep.2010",497.58
"183","23.Sep.2010",493.87
"184","24.Sep.2010",489.87
"185","27.Sep.2010",485.96
"186","28.Sep.2010",485.24
"187","29.Sep.2010",484.86
"188","30.Sep.2010",485.23
"189","01.Oct.2010",483.65
"190","04.Oct.2010",480.79
"191","05.Oct.2010",485.49
"192","06.Oct.2010",483.77
"193","07.Oct.2010",481.84
"194","08.Oct.2010",482.27
"195","12.Oct.2010",483.2
"196","13.Oct.2010",479.09
"197","14.Oct.2010",475.93
"198","15.Oct.2010",477.96
"199","18.Oct.2010",478.14
"200","19.Oct.2010",481.43
"201","20.Oct.2010",485.71
"202","21.Oct.2010",485.87
"203","22.Oct.2010",485.99
"204","25.Oct.2010",486.98
"205","26.Oct.2010",485.51
"206","27.Oct.2010",491.01
"207","28.Oct.2010",494.44
"208","29.Oct.2010",491.76
"209","02.Nov.2010",488.72
"210","03.Nov.2010",486.92
"211","04.Nov.2010",488.04
"212","05.Nov.2010",481.04
"213","08.Nov.2010",478.32
"214","09.Nov.2010",480.22
"215","10.Nov.2010",477.05
"216","11.Nov.2010",480.17
"217","12.Nov.2010",480.03
"218","15.Nov.2010",480.64
"219","16.Nov.2010",483.13
"220","17.Nov.2010",483.92
"221","18.Nov.2010",485.41
"222","19.Nov.2010",480.99
"223","22.Nov.2010",480.53
"224","23.Nov.2010",479.19
"225","24.Nov.2010",481.38
"226","25.Nov.2010",482.04
"227","26.Nov.2010",481.74
"228","29.Nov.2010",482.78
"229","30.Nov.2010",486.39
"230","01.Dec.2010",487.87
"231","02.Dec.2010",485.34
"232","03.Dec.2010",484.74
"233","06.Dec.2010",481.84
"234","07.Dec.2010",479.26
"235","09.Dec.2010",475.91
"236","10.Dec.2010",475.21
"237","13.Dec.2010",474.71
"238","14.Dec.2010",473.72
"239","15.Dec.2010",473.78
"240","16.Dec.2010",474.12
"241","17.Dec.2010",473.92
"242","20.Dec.2010",472.34
"243","21.Dec.2010",471.02
"244","22.Dec.2010",468.69
"245","23.Dec.2010",469.82
"246","24.Dec.2010",469.31
"247","27.Dec.2010",469.52
"248","28.Dec.2010",471.21
"249","29.Dec.2010",469.64
"250","30.Dec.2010",468.37
"251","03.Jan.2011",468.01
"252","04.Jan.2011",466.05
"253","05.Jan.2011",486.82
"254","06.Jan.2011",493.65
"255","07.Jan.2011",494.74
"256","10.Jan.2011",496.96
"257","11.Jan.2011",499.03
"258","12.Jan.2011",496.03
"259","13.Jan.2011",493.27
"260","14.Jan.2011",488.82
"261","17.Jan.2011",492.16
"262","18.Jan.2011",490.32
"263","19.Jan.2011",490.67
"264","20.Jan.2011",490.89
"265","21.Jan.2011",494.1
"266","24.Jan.2011",492.49
"267","25.Jan.2011",493.14
"268","26.Jan.2011",492.51
"269","27.Jan.2011",490.24
"270","28.Jan.2011",485.04
"271","31.Jan.2011",483.32
"272","01.Feb.2011",484.14
"273","02.Feb.2011",480.59
"274","03.Feb.2011",480.5
"275","04.Feb.2011",481.56
"276","07.Feb.2011",478.36
"277","08.Feb.2011",478.18
"278","09.Feb.2011",479.73
"279","10.Feb.2011",476.87
"280","11.Feb.2011",475.93
"281","14.Feb.2011",473.42
"282","15.Feb.2011",469.99
"283","16.Feb.2011",470.59
"284","17.Feb.2011",474.13
"285","18.Feb.2011",473.16
"286","21.Feb.2011",469.14
"287","22.Feb.2011",468.94
"288","23.Feb.2011",470.76
"289","24.Feb.2011",474.01
"290","25.Feb.2011",478.19
"291","28.Feb.2011",475.63
"292","01.Mar.2011",475.21
"293","02.Mar.2011",476.4
"294","03.Mar.2011",478.04
"295","04.Mar.2011",474.04
"296","07.Mar.2011",472.74
"297","08.Mar.2011",473.28
"298","09.Mar.2011",475.63
"299","10.Mar.2011",475.62
"300","11.Mar.2011",482.63
"301","14.Mar.2011",482.1
"302","15.Mar.2011",480.51
"303","16.Mar.2011",484.56
"304","17.Mar.2011",484.01
"305","18.Mar.2011",485.37
"306","21.Mar.2011",482.21
"307","22.Mar.2011",480.55
"308","23.Mar.2011",481.78
"309","24.Mar.2011",482.69
"310","25.Mar.2011",480.37
"311","28.Mar.2011",479.67
"312","29.Mar.2011",480.55
"313","30.Mar.2011",481.96
"314","31.Mar.2011",482.08
"315","01.Apr.2011",479.46
"316","04.Apr.2011",476.9
"317","05.Apr.2011",474.55
"318","06.Apr.2011",475.03
"319","07.Apr.2011",472.89
"320","08.Apr.2011",473.25
"321","11.Apr.2011",470.19
"322","12.Apr.2011",471
"323","13.Apr.2011",473.77
"324","14.Apr.2011",472.72
"325","15.Apr.2011",472.56
"326","18.Apr.2011",472.46
"327","19.Apr.2011",474.76
"328","20.Apr.2011",473.82
"329","21.Apr.2011",469.94
"330","25.Apr.2011",467.77
"331","26.Apr.2011",467.63
"332","27.Apr.2011",465.29
"333","28.Apr.2011",462.37
"334","29.Apr.2011",460.04
"335","02.May.2011",460.09
"336","03.May.2011",461.65
"337","04.May.2011",463.07
"338","05.May.2011",463.05
"339","06.May.2011",468.35
"340","09.May.2011",467.17
"341","10.May.2011",467.69
"342","11.May.2011",465.57
"343","12.May.2011",467.83
"344","13.May.2011",468.07
"345","16.May.2011",465.21
"346","17.May.2011",469.3
"347","18.May.2011",474.19
"348","19.May.2011",471.81
"349","20.May.2011",468.78
"350","23.May.2011",468.34
"351","24.May.2011",472.71
"352","25.May.2011",471.35
"353","26.May.2011",471.18
"354","27.May.2011",470
"355","30.May.2011",467.31
"356","31.May.2011",467.31
"357","01.Jun.2011",465.13
"358","02.Jun.2011",466.78
"359","03.Jun.2011",467.33
"360","06.Jun.2011",468.23
"361","07.Jun.2011",468.31
"362","08.Jun.2011",466.9
"363","09.Jun.2011",467.54
"364","10.Jun.2011",467.33
"365","13.Jun.2011",468.12
"366","14.Jun.2011",467.12
"367","15.Jun.2011",466.25
"368","16.Jun.2011",467.92
"369","17.Jun.2011",471
"370","20.Jun.2011",471.33
"371","21.Jun.2011",472.95
"372","22.Jun.2011",471.05
"373","23.Jun.2011",472.04
"374","24.Jun.2011",474.59
"375","28.Jun.2011",473.64
"376","29.Jun.2011",472.96
"377","30.Jun.2011",471.13
"378","01.Jul.2011",468.15
"379","04.Jul.2011",465.98
"380","05.Jul.2011",465.34
"381","06.Jul.2011",465.43
"382","07.Jul.2011",465.36
"383","08.Jul.2011",462.01
"384","11.Jul.2011",462.89
"385","12.Jul.2011",466.26
"386","13.Jul.2011",467.4
"387","14.Jul.2011",463.65
"388","15.Jul.2011",462.02
"389","18.Jul.2011",462.17
"390","19.Jul.2011",463.94
"391","20.Jul.2011",461.5
"392","21.Jul.2011",462.32
"393","22.Jul.2011",461.65
"394","25.Jul.2011",461.36
"395","26.Jul.2011",462.49
"396","27.Jul.2011",458.73
"397","28.Jul.2011",457.12
"398","29.Jul.2011",455.91
"399","01.Aug.2011",457.41
"400","02.Aug.2011",458.51
"401","03.Aug.2011",458.05
"402","04.Aug.2011",460.23
"403","05.Aug.2011",461.79
"404","08.Aug.2011",464.32
"405","09.Aug.2011",473.38
"406","10.Aug.2011",473.71
"407","11.Aug.2011",473.05
"408","12.Aug.2011",474.1
"409","16.Aug.2011",469.87
"410","17.Aug.2011",472.13
"411","18.Aug.2011",467.66
"412","19.Aug.2011",470.38
"413","22.Aug.2011",468.47
"414","23.Aug.2011",467.91
"415","24.Aug.2011",467.48
"416","25.Aug.2011",466.75
"417","26.Aug.2011",466.88
"418","29.Aug.2011",466.92
"419","30.Aug.2011",464.73
"420","31.Aug.2011",465.66
"421","01.Sep.2011",463.19
"422","02.Sep.2011",460.62
"423","05.Sep.2011",460.34
"424","06.Sep.2011",462.37
"425","07.Sep.2011",464.03
"426","08.Sep.2011",462.63
"427","09.Sep.2011",463.21
"428","12.Sep.2011",466.74
"429","13.Sep.2011",474.07
"430","14.Sep.2011",475.6
"431","15.Sep.2011",476.85
"432","16.Sep.2011",478.57
"433","20.Sep.2011",479.28
"434","21.Sep.2011",488.19
"435","22.Sep.2011",500.22
"436","23.Sep.2011",521.85
"437","26.Sep.2011",519.58
"438","27.Sep.2011",512.34
"439","28.Sep.2011",504.24
"440","29.Sep.2011",508.51
"441","30.Sep.2011",515.14
"442","03.Oct.2011",521.76
"443","04.Oct.2011",525.95
"444","05.Oct.2011",533.74
"445","06.Oct.2011",531.05
"446","07.Oct.2011",523.31
"447","11.Oct.2011",513.76
"448","12.Oct.2011",512.61
"449","13.Oct.2011",502.33
"450","14.Oct.2011",504.3
"451","17.Oct.2011",499.57
"452","18.Oct.2011",501.94
"453","19.Oct.2011",511.14
"454","20.Oct.2011",509.28
"455","21.Oct.2011",515.57
"456","24.Oct.2011",512.72
"457","25.Oct.2011",507.12
"458","26.Oct.2011",503.83
"459","27.Oct.2011",501.12
"460","28.Oct.2011",492.04
"461","02.Nov.2011",490.29
"462","03.Nov.2011",501.49
"463","04.Nov.2011",497.48
"464","07.Nov.2011",494.08
"465","08.Nov.2011",499.47
"466","09.Nov.2011",497.43
"467","10.Nov.2011",500.2
"468","11.Nov.2011",500.84
"469","14.Nov.2011",499.66
"470","15.Nov.2011",501.35
"471","16.Nov.2011",506.99
"472","17.Nov.2011",511.66
"473","18.Nov.2011",511.09
"474","21.Nov.2011",510.11
"475","22.Nov.2011",518.24
"476","23.Nov.2011",517.96
"477","24.Nov.2011",524.3
"478","25.Nov.2011",522.4
"479","28.Nov.2011",526.83
"480","29.Nov.2011",521.07
"481","30.Nov.2011",524.25
"482","01.Dec.2011",517.37
"483","02.Dec.2011",513.73
"484","05.Dec.2011",512.89
"485","06.Dec.2011",513.09
"486","07.Dec.2011",512.68
"487","09.Dec.2011",508.67
"488","12.Dec.2011",510.4
"489","13.Dec.2011",514.11
"490","14.Dec.2011",515.13
"491","15.Dec.2011",518.49
"492","16.Dec.2011",519.06
"493","19.Dec.2011",517.29
"494","20.Dec.2011",520.3
"495","21.Dec.2011",518.66
"496","22.Dec.2011",522.62
"497","23.Dec.2011",520.21
"498","26.Dec.2011",520.39
"499","27.Dec.2011",520.54
"500","28.Dec.2011",521.78
"501","29.Dec.2011",521.74
"502","30.Dec.2011",521.46
"503","02.Jan.2012",519.2
"504","03.Jan.2012",518.2
"505","04.Jan.2012",514.34
"506","05.Jan.2012",512.23
"507","06.Jan.2012",511.8
"508","09.Jan.2012",509.54
"509","10.Jan.2012",512.4
"510","11.Jan.2012",508.76
"511","12.Jan.2012",506.91
"512","13.Jan.2012",501.47
"513","16.Jan.2012",501.99
"514","17.Jan.2012",500.99
"515","18.Jan.2012",496.68
"516","19.Jan.2012",497.05
"517","20.Jan.2012",491.93
"518","23.Jan.2012",491.59
"519","24.Jan.2012",487.87
"520","25.Jan.2012",492.96
"521","26.Jan.2012",493.58
"522","27.Jan.2012",485.64
"523","30.Jan.2012",485.35
"524","31.Jan.2012",488.99
"525","01.Feb.2012",488.75
"526","02.Feb.2012",487.73
"527","03.Feb.2012",483.7
"528","06.Feb.2012",478.64
"529","07.Feb.2012",481.09
"530","08.Feb.2012",479.98
"531","09.Feb.2012",477.13
"532","10.Feb.2012",475.29
"533","13.Feb.2012",478.39
"534","14.Feb.2012",478.2
"535","15.Feb.2012",482.99
"536","16.Feb.2012",482.75
"537","17.Feb.2012",486.59
"538","20.Feb.2012",483.94
"539","21.Feb.2012",482.18
"540","22.Feb.2012",481.5
"541","23.Feb.2012",483.57
"542","24.Feb.2012",481.08
"543","27.Feb.2012",479.08
"544","28.Feb.2012",481.27
"545","29.Feb.2012",477.41
"546","01.Mar.2012",476.27
"547","02.Mar.2012",480.62
"548","05.Mar.2012",484.47
"549","06.Mar.2012",485.06
"550","07.Mar.2012",489.68
"551","08.Mar.2012",491.57
"552","09.Mar.2012",485.03
"553","12.Mar.2012",483.46
"554","13.Mar.2012",484.81
"555","14.Mar.2012",484.71
"556","15.Mar.2012",485.71
"557","16.Mar.2012",484.53
"558","19.Mar.2012",480.9
"559","20.Mar.2012",482.83
"560","21.Mar.2012",485.61
"561","22.Mar.2012",484.98
"562","23.Mar.2012",487.72
"563","26.Mar.2012",489.54
"564","27.Mar.2012",486.31
"565","28.Mar.2012",486.42
"566","29.Mar.2012",488.71
"567","30.Mar.2012",489.76
"568","02.Apr.2012",487.44
"569","03.Apr.2012",485.76
"570","04.Apr.2012",482.17
"571","05.Apr.2012",483.78
"572","09.Apr.2012",485.07
"573","10.Apr.2012",486.1
"574","11.Apr.2012",487.04
"575","12.Apr.2012",487.37
"576","13.Apr.2012",483.98
"577","16.Apr.2012",484.58
"578","17.Apr.2012",486.95
"579","18.Apr.2012",485.83
"580","19.Apr.2012",487.32
"581","20.Apr.2012",488.96
"582","23.Apr.2012",486.07
"583","24.Apr.2012",489.64
"584","25.Apr.2012",487.15
"585","26.Apr.2012",486.52
"586","27.Apr.2012",484.88
"587","30.Apr.2012",483.41
"588","02.May.2012",484.87
"589","03.May.2012",484.7
"590","04.May.2012",482.12
"591","07.May.2012",482.12
"592","08.May.2012",483.44
"593","09.May.2012",485.54
"594","10.May.2012",490.17
"595","11.May.2012",486.32
"596","14.May.2012",487.8
"597","15.May.2012",491.42
"598","16.May.2012",497.11
"599","17.May.2012",500.77
"600","18.May.2012",503.76
"601","22.May.2012",504.47
"602","23.May.2012",505.46
"603","24.May.2012",510.17
"604","25.May.2012",507.83
"605","28.May.2012",510.56
"606","29.May.2012",510.26
"607","30.May.2012",512.05
"608","31.May.2012",517.91
"609","01.Jun.2012",519.69
"610","04.Jun.2012",519.6
"611","05.Jun.2012",515.58
"612","06.Jun.2012",512.47
"613","07.Jun.2012",508.28
"614","08.Jun.2012",501.74
"615","11.Jun.2012",504.08
"616","12.Jun.2012",501.85
"617","13.Jun.2012",504.03
"618","14.Jun.2012",502.07
"619","15.Jun.2012",501.34
"620","18.Jun.2012",499.09
"621","19.Jun.2012",500.73
"622","20.Jun.2012",495.48
"623","21.Jun.2012",496.66
"624","22.Jun.2012",499.59
"625","25.Jun.2012",503.89
"626","26.Jun.2012",508.1
"627","27.Jun.2012",508.84
"628","28.Jun.2012",505.35
"629","29.Jun.2012",509.73
"630","03.Jul.2012",501.84
"631","04.Jul.2012",496.33
"632","05.Jul.2012",496.18
"633","06.Jul.2012",495.97
"634","09.Jul.2012",499.26
"635","10.Jul.2012",496.89
"636","11.Jul.2012",493.34
"637","12.Jul.2012",492.54
"638","13.Jul.2012",493.87
"639","17.Jul.2012",490.38
"640","18.Jul.2012",488.82
"641","19.Jul.2012",488.42
"642","20.Jul.2012",485.64
"643","23.Jul.2012",487.95
"644","24.Jul.2012",493.1
"645","25.Jul.2012",493.32
"646","26.Jul.2012",492.49
"647","27.Jul.2012",485.88
"648","30.Jul.2012",483.64
"649","31.Jul.2012",482.83
"650","01.Aug.2012",481.94
"651","02.Aug.2012",483.23
"652","03.Aug.2012",484.6
"653","06.Aug.2012",480.52
"654","07.Aug.2012",478.62
"655","08.Aug.2012",477.04
"656","09.Aug.2012",477.07
"657","10.Aug.2012",474.72
"658","13.Aug.2012",477.95
"659","14.Aug.2012",482.02
"660","16.Aug.2012",481.79
"661","17.Aug.2012",483.67
"662","20.Aug.2012",484.17
"663","21.Aug.2012",485.52
"664","22.Aug.2012",482.41
"665","23.Aug.2012",482.11
"666","24.Aug.2012",479.63
"667","27.Aug.2012",481.33
"668","28.Aug.2012",481.12
"669","29.Aug.2012",480.65
"670","30.Aug.2012",480.59
"671","31.Aug.2012",481.17
"672","03.Sep.2012",480.25
"673","04.Sep.2012",481.11
"674","05.Sep.2012",480.93
"675","06.Sep.2012",481.07
"676","07.Sep.2012",477.49
"677","10.Sep.2012",474.98
"678","11.Sep.2012",475.24
"679","12.Sep.2012",474.74
"680","13.Sep.2012",473.54
"681","14.Sep.2012",472.86
"682","20.Sep.2012",469.65
"683","21.Sep.2012",471.58
"684","24.Sep.2012",472.01
"685","25.Sep.2012",475.52
"686","26.Sep.2012",471.19
"687","27.Sep.2012",471.88
"688","28.Sep.2012",470.48
"689","01.Oct.2012",473.77
"690","02.Oct.2012",473.08
"691","03.Oct.2012",472.77
"692","04.Oct.2012",473.41
"693","05.Oct.2012",472.76
"694","08.Oct.2012",472.37
"695","09.Oct.2012",474.47
"696","10.Oct.2012",474.01
"697","11.Oct.2012",475.02
"698","12.Oct.2012",472.8
"699","16.Oct.2012",472.95
"700","17.Oct.2012",471.54
"701","18.Oct.2012",472.19
"702","19.Oct.2012",472.56
"703","22.Oct.2012",474.25
"704","23.Oct.2012",475.67
"705","24.Oct.2012",481.4
"706","25.Oct.2012",481.78
"707","26.Oct.2012",478.87
"708","29.Oct.2012",480.3
"709","30.Oct.2012",481.98
"710","31.Oct.2012",480.03
"711","05.Nov.2012",480.59
"712","06.Nov.2012",482.29
"713","07.Nov.2012",479.78
"714","08.Nov.2012",479.63
"715","09.Nov.2012",478.19
"716","12.Nov.2012",479.79
"717","13.Nov.2012",479.98
"718","14.Nov.2012",483.69
"719","15.Nov.2012",484.26
"720","16.Nov.2012",483.94
"721","19.Nov.2012",484.48
"722","20.Nov.2012",480.77
"723","21.Nov.2012",478.92
"724","22.Nov.2012",477.81
"725","23.Nov.2012",476.2
"726","26.Nov.2012",478.03
"727","27.Nov.2012",480.9
"728","28.Nov.2012",481.05
"729","29.Nov.2012",481.69
"730","30.Nov.2012",479.42
"731","03.Dec.2012",480.39
"732","04.Dec.2012",481.28
"733","05.Dec.2012",481.05
"734","06.Dec.2012",480.18
"735","07.Dec.2012",477.97
"736","10.Dec.2012",477.04
"737","11.Dec.2012",476.29
"738","12.Dec.2012",474.78
"739","13.Dec.2012",474.92
"740","14.Dec.2012",474.95
"741","17.Dec.2012",474.36
"742","18.Dec.2012",474.5
"743","19.Dec.2012",474.81
"744","20.Dec.2012",474.42
"745","21.Dec.2012",475.02
"746","24.Dec.2012",476.4
"747","26.Dec.2012",479.39
"748","27.Dec.2012",479.09
"749","28.Dec.2012",478.6
"750","02.Jan.2013",479.96
"751","03.Jan.2013",475.31
"752","04.Jan.2013",473.25
"753","07.Jan.2013",473.13
"754","08.Jan.2013",471.47
"755","09.Jan.2013",471.36
"756","10.Jan.2013",471.15
"757","11.Jan.2013",470.67
"758","14.Jan.2013",471.92
"759","15.Jan.2013",472.62
"760","16.Jan.2013",474.9
"761","17.Jan.2013",475.47
"762","18.Jan.2013",473.06
"763","21.Jan.2013",471.63
"764","22.Jan.2013",472.02
"765","23.Jan.2013",471.45
"766","24.Jan.2013",470.98
"767","25.Jan.2013",470.68
"768","28.Jan.2013",470.99
"769","29.Jan.2013",472.56
"770","30.Jan.2013",472.73
"771","31.Jan.2013",471.4
"772","01.Feb.2013",471.44
"773","04.Feb.2013",471.64
"774","05.Feb.2013",472.27
"775","06.Feb.2013",472.39
"776","07.Feb.2013",473.23
"777","08.Feb.2013",472.62
"778","11.Feb.2013",472.55
"779","12.Feb.2013",472.71
"780","13.Feb.2013",472.2
"781","14.Feb.2013",470.67
"782","15.Feb.2013",470.83
"783","18.Feb.2013",470.87
"784","19.Feb.2013",471.89
"785","20.Feb.2013",472.21
"786","21.Feb.2013",472.83
"787","22.Feb.2013",473.6
"788","25.Feb.2013",473.18
"789","26.Feb.2013",473.02
"790","27.Feb.2013",473.44
"791","28.Feb.2013",473.3
"792","01.Mar.2013",472.96
"793","04.Mar.2013",474.31
"794","05.Mar.2013",474.82
"795","06.Mar.2013",473.01
"796","07.Mar.2013",472.7
"797","08.Mar.2013",472.06
"798","11.Mar.2013",471.9
"799","12.Mar.2013",471.69
"800","13.Mar.2013",471.16
"801","14.Mar.2013",471.28
"802","15.Mar.2013",471.1
"803","18.Mar.2013",471.63
"804","19.Mar.2013",472.38
"805","20.Mar.2013",472.34
"806","21.Mar.2013",472.79
"807","22.Mar.2013",473.03
"808","25.Mar.2013",472.77
"809","26.Mar.2013",472.6
"810","27.Mar.2013",472.61
"811","28.Mar.2013",472.54
"812","01.Apr.2013",472.03
"813","02.Apr.2013",472.51
"814","03.Apr.2013",472.55
"815","04.Apr.2013",472.38
"816","05.Apr.2013",470.83
"817","08.Apr.2013",469.28
"818","09.Apr.2013",467.38
"819","10.Apr.2013",466.5
"820","11.Apr.2013",468.54
"821","12.Apr.2013",468.74
"822","15.Apr.2013",469.24
"823","16.Apr.2013",472.12
"824","17.Apr.2013",472.07
"825","18.Apr.2013",473.8
"826","19.Apr.2013",475.93
"827","22.Apr.2013",476.8
"828","23.Apr.2013",477.74
"829","24.Apr.2013",477.42
"830","25.Apr.2013",474.84
"831","26.Apr.2013",472.73
"832","29.Apr.2013",472.05
"833","30.Apr.2013",471.54
"834","02.May.2013",471.31
"835","03.May.2013",472.44
"836","06.May.2013",469.73
"837","07.May.2013",469.64
"838","08.May.2013",470.07
"839","09.May.2013",471.06
"840","10.May.2013",472.03
"841","13.May.2013",474.04
"842","14.May.2013",475.68
"843","15.May.2013",477.32
"844","16.May.2013",478.71
"845","17.May.2013",479.04
"846","20.May.2013",480.81
"847","22.May.2013",483.39
"848","23.May.2013",484.51
"849","24.May.2013",488.85
"850","27.May.2013",488.86
"851","28.May.2013",489.99
"852","29.May.2013",490.31
"853","30.May.2013",490.65
"854","31.May.2013",492.8
"855","03.Jun.2013",499.78
"856","04.Jun.2013",501.99
"857","05.Jun.2013",499.85
"858","06.Jun.2013",502.48
"859","07.Jun.2013",505.09
"860","10.Jun.2013",501.52
"861","11.Jun.2013",504.75
"862","12.Jun.2013",503.59
"863","13.Jun.2013",498.85
"864","14.Jun.2013",496.71
"865","17.Jun.2013",492.59
"866","18.Jun.2013",492.9
"867","19.Jun.2013",499.12
"868","20.Jun.2013",500.68
"869","21.Jun.2013",512.6
"870","24.Jun.2013",514.38
"871","25.Jun.2013",513.4
"872","26.Jun.2013",508.56
"873","27.Jun.2013",505.02
"874","28.Jun.2013",503.86
"875","01.Jul.2013",507.16
"876","02.Jul.2013",504.99
"877","03.Jul.2013",503.42
"878","04.Jul.2013",503.21
"879","05.Jul.2013",501.44
"880","08.Jul.2013",506.96
"881","09.Jul.2013",506.61
"882","10.Jul.2013",507.65
"883","11.Jul.2013",508.29
"884","12.Jul.2013",505.73
"885","15.Jul.2013",504.54
"886","17.Jul.2013",501.59
"887","18.Jul.2013",497.79
"888","19.Jul.2013",499.52
"889","22.Jul.2013",502.37
"890","23.Jul.2013",503.05
"891","24.Jul.2013",504.35
"892","25.Jul.2013",504.34
"893","26.Jul.2013",505.43
"894","29.Jul.2013",506.5
"895","30.Jul.2013",509.89
"896","31.Jul.2013",514.34
"897","01.Aug.2013",515.42
"898","02.Aug.2013",514.42
"899","05.Aug.2013",513.63
"900","06.Aug.2013",512.33
"901","07.Aug.2013",514.04
"902","08.Aug.2013",515.84
"903","09.Aug.2013",510.65
"904","12.Aug.2013",507.05
"905","13.Aug.2013",506.78
"906","14.Aug.2013",510.53
"907","16.Aug.2013",509.12
"908","19.Aug.2013",510.35
"909","20.Aug.2013",516.83
"910","21.Aug.2013",516.38
"911","22.Aug.2013",515.87
"912","23.Aug.2013",513.65
"913","26.Aug.2013",509.75
"914","27.Aug.2013",511.28
"915","28.Aug.2013",515.16
"916","29.Aug.2013",513.63
"917","30.Aug.2013",511.65
"918","02.Sep.2013",509.74
"919","03.Sep.2013",509.75
"920","04.Sep.2013",510.38
"921","05.Sep.2013",508.56
"922","06.Sep.2013",509.46
"923","09.Sep.2013",506.97
"924","10.Sep.2013",507.74
"925","11.Sep.2013",506.8
"926","12.Sep.2013",503.92
"927","13.Sep.2013",501.98
"928","16.Sep.2013",504.14
"929","17.Sep.2013",502.44
"930","23.Sep.2013",503.23
"931","24.Sep.2013",496.49
"932","25.Sep.2013",497.19
"933","26.Sep.2013",500.28
"934","27.Sep.2013",500.22
"935","30.Sep.2013",502.97
"936","01.Oct.2013",504.2
"937","02.Oct.2013",503.9
"938","03.Oct.2013",502.75
"939","04.Oct.2013",500.3
"940","07.Oct.2013",498.88
"941","08.Oct.2013",499.51
"942","09.Oct.2013",498.95
"943","10.Oct.2013",500.72
"944","11.Oct.2013",498.36
"945","14.Oct.2013",497.44
"946","15.Oct.2013",498.77
"947","16.Oct.2013",498.66
"948","17.Oct.2013",496.89
"949","18.Oct.2013",493.36
"950","21.Oct.2013",495.99
"951","22.Oct.2013",500.49
"952","23.Oct.2013",500.01
"953","24.Oct.2013",503.08
"954","25.Oct.2013",504.61
"955","28.Oct.2013",505.32
"956","29.Oct.2013",506.97
"957","30.Oct.2013",508.58
"958","04.Nov.2013",507.64
"959","05.Nov.2013",512.53
"960","06.Nov.2013",514.9
"961","07.Nov.2013",514.72
"962","08.Nov.2013",515.4
"963","11.Nov.2013",518.05
"964","12.Nov.2013",520
"965","13.Nov.2013",520.69
"966","14.Nov.2013",522.07
"967","15.Nov.2013",520.89
"968","18.Nov.2013",520.73
"969","19.Nov.2013",517.33
"970","20.Nov.2013",519.22
"971","21.Nov.2013",522.67
"972","22.Nov.2013",522.73
"973","25.Nov.2013",520.37
"974","26.Nov.2013",520.54
"975","27.Nov.2013",522.23
"976","28.Nov.2013",524.1
"977","29.Nov.2013",528.19
"978","02.Dec.2013",529.64
"979","03.Dec.2013",532.21
"980","04.Dec.2013",532.97
"981","05.Dec.2013",533.95
"982","06.Dec.2013",531.15
"983","09.Dec.2013",528.59
"984","10.Dec.2013",527.08
"985","11.Dec.2013",530.66
"986","12.Dec.2013",532.04
"987","13.Dec.2013",532.8
"988","16.Dec.2013",529.5
"989","17.Dec.2013",528.27
"990","18.Dec.2013",526.38
"991","19.Dec.2013",528.19
"992","20.Dec.2013",530.02
"993","23.Dec.2013",530.88
"994","24.Dec.2013",527.65
"995","26.Dec.2013",528.03
"996","27.Dec.2013",525.24
"997","30.Dec.2013",523.76
"998","02.Jan.2014",524.61
"999","03.Jan.2014",529.55
"1000","06.Jan.2014",528.8
"1001","07.Jan.2014",531.14
"1002","08.Jan.2014",531.65
"1003","09.Jan.2014",532.14
"1004","10.Jan.2014",533.97
"1005","13.Jan.2014",531.17
"1006","14.Jan.2014",527.53
"1007","15.Jan.2014",527.76
"1008","16.Jan.2014",529.51
"1009","17.Jan.2014",531.68
"1010","20.Jan.2014",537
"1011","21.Jan.2014",541.59
"1012","22.Jan.2014",543.93
"1013","23.Jan.2014",544.24
"1014","24.Jan.2014",546.42
"1015","27.Jan.2014",550.53
"1016","28.Jan.2014",548.34
"1017","29.Jan.2014",547.07
"1018","30.Jan.2014",548.8
"1019","31.Jan.2014",547.22
"1020","03.Feb.2014",553.84
"1021","04.Feb.2014",556.52
"1022","05.Feb.2014",557.55
"1023","06.Feb.2014",559.24
"1024","07.Feb.2014",556.14
"1025","10.Feb.2014",553.16
"1026","11.Feb.2014",555.35
"1027","12.Feb.2014",554.56
"1028","13.Feb.2014",552.91
"1029","14.Feb.2014",549.44
"1030","17.Feb.2014",546.94
"1031","18.Feb.2014",546.99
"1032","19.Feb.2014",548.11
"1033","20.Feb.2014",552.43
"1034","21.Feb.2014",555.37
"1035","24.Feb.2014",555.51
"1036","25.Feb.2014",555.1
"1037","26.Feb.2014",556.67
"1038","27.Feb.2014",559.02
"1039","28.Feb.2014",563.32
"1040","03.Mar.2014",559.38
"1041","04.Mar.2014",561.52
"1042","05.Mar.2014",558.28
"1043","06.Mar.2014",562.7
"1044","07.Mar.2014",559.54
"1045","10.Mar.2014",561.55
"1046","11.Mar.2014",569.64
"1047","12.Mar.2014",570.69
"1048","13.Mar.2014",573.24
"1049","14.Mar.2014",570.84
"1050","17.Mar.2014",572.03
"1051","18.Mar.2014",570.35
"1052","19.Mar.2014",570.91
"1053","20.Mar.2014",569.66
"1054","21.Mar.2014",568.49
"1055","24.Mar.2014",561.91
"1056","25.Mar.2014",562.7
"1057","26.Mar.2014",559.57
"1058","27.Mar.2014",555.75
"1059","28.Mar.2014",551.43
"1060","31.Mar.2014",550.53
"1061","01.Apr.2014",551.18
"1062","02.Apr.2014",550.62
"1063","03.Apr.2014",553.6
"1064","04.Apr.2014",555.97
"1065","07.Apr.2014",555.08
"1066","08.Apr.2014",553.59
"1067","09.Apr.2014",546.72
"1068","10.Apr.2014",548.13
"1069","11.Apr.2014",544.96
"1070","14.Apr.2014",548.31
"1071","15.Apr.2014",549.04
"1072","16.Apr.2014",554.22
"1073","17.Apr.2014",555.84
"1074","21.Apr.2014",557.63
"1075","22.Apr.2014",557.02
"1076","23.Apr.2014",561.7
"1077","24.Apr.2014",563.76
"1078","25.Apr.2014",559.67
"1079","28.Apr.2014",560.36
"1080","29.Apr.2014",559.5
"1081","30.Apr.2014",560.56
"1082","02.May.2014",564.59
"1083","05.May.2014",563.39
"1084","06.May.2014",565.09
"1085","07.May.2014",566.88
"1086","08.May.2014",566.11
"1087","09.May.2014",555.74
"1088","12.May.2014",555.77
"1089","13.May.2014",551.36
"1090","14.May.2014",549.05
"1091","15.May.2014",550.22
"1092","16.May.2014",553.62
"1093","19.May.2014",550.46
"1094","20.May.2014",548.61
"1095","22.May.2014",551.45
"1096","23.May.2014",550.7
"1097","26.May.2014",553.95
"1098","27.May.2014",554.04
"1099","28.May.2014",555.99
"1100","29.May.2014",552.98
"1101","30.May.2014",548.04
"1102","02.Jun.2014",550.72
"1103","03.Jun.2014",550.23
"1104","04.Jun.2014",550.68
"1105","05.Jun.2014",552.62
"1106","06.Jun.2014",551.63
"1107","09.Jun.2014",549.59
"1108","10.Jun.2014",549.89
"1109","11.Jun.2014",553.12
"1110","12.Jun.2014",554.41
"1111","13.Jun.2014",553.43
"1112","16.Jun.2014",554.8
"1113","17.Jun.2014",556.76
"1114","18.Jun.2014",559.03
"1115","19.Jun.2014",559.12
"1116","20.Jun.2014",556.69
"1117","23.Jun.2014",557.14
"1118","24.Jun.2014",553.12
"1119","25.Jun.2014",550.64
"1120","26.Jun.2014",550.09
"1121","27.Jun.2014",550.02
"1122","30.Jun.2014",550.6
"1123","01.Jul.2014",552.72
"1124","02.Jul.2014",552.09
"1125","03.Jul.2014",552.18
"1126","04.Jul.2014",550.84
"1127","07.Jul.2014",548.72
"1128","08.Jul.2014",550.49
"1129","09.Jul.2014",552.37
"1130","10.Jul.2014",553.54
"1131","11.Jul.2014",553.29
"1132","14.Jul.2014",554.05
"1133","15.Jul.2014",553.93
"1134","17.Jul.2014",556.39
"1135","18.Jul.2014",562.92
"1136","21.Jul.2014",566.86
"1137","22.Jul.2014",565.86
"1138","23.Jul.2014",563.71
"1139","24.Jul.2014",563.88
"1140","25.Jul.2014",563.3
"1141","28.Jul.2014",563.48
"1142","29.Jul.2014",563.57
"1143","30.Jul.2014",565.88
"1144","31.Jul.2014",570.51
"1145","01.Aug.2014",573.14
"1146","04.Aug.2014",572.61
"1147","05.Aug.2014",571.75
"1148","06.Aug.2014",576.66
"1149","07.Aug.2014",577.36
"1150","08.Aug.2014",576.19
"1151","11.Aug.2014",576.14
"1152","12.Aug.2014",574.3
"1153","13.Aug.2014",576.23
"1154","14.Aug.2014",576.49
"1155","18.Aug.2014",576.49
"1156","19.Aug.2014",576.15
"1157","20.Aug.2014",578.54
"1158","21.Aug.2014",583.09
"1159","22.Aug.2014",582.76
"1160","25.Aug.2014",583.19
"1161","26.Aug.2014",583.13
"1162","27.Aug.2014",584.87
"1163","28.Aug.2014",588.67
"1164","29.Aug.2014",593.28
"1165","01.Sep.2014",590.91
"1166","02.Sep.2014",589.03
"1167","03.Sep.2014",591.55
"1168","04.Sep.2014",588.52
"1169","05.Sep.2014",591.43
"1170","08.Sep.2014",586.41
"1171","09.Sep.2014",585.29
"1172","10.Sep.2014",592.34
"1173","11.Sep.2014",590.82
"1174","12.Sep.2014",590.14
"1175","15.Sep.2014",590.6
"1176","16.Sep.2014",594.71
"1177","17.Sep.2014",593.76
"1178","22.Sep.2014",594.09
"1179","23.Sep.2014",600.36
"1180","24.Sep.2014",600.3
"1181","25.Sep.2014",598.87
"1182","26.Sep.2014",598.91
"1183","29.Sep.2014",599.66
"1184","30.Sep.2014",601.66
"1185","01.Oct.2014",599.22
"1186","02.Oct.2014",597.26
"1187","03.Oct.2014",596.08
"1188","06.Oct.2014",598.64
"1189","07.Oct.2014",597.72
"1190","08.Oct.2014",596.95
"1191","09.Oct.2014",594.71
"1192","10.Oct.2014",592.13
"1193","13.Oct.2014",594.3
"1194","14.Oct.2014",590.01
"1195","15.Oct.2014",588.4
"1196","16.Oct.2014",588.22
"1197","17.Oct.2014",591.16
"1198","20.Oct.2014",587.61
"1199","21.Oct.2014",587.12
"1200","22.Oct.2014",583.92
"1201","23.Oct.2014",584.14
"1202","24.Oct.2014",584.4
"1203","27.Oct.2014",584.2
"1204","28.Oct.2014",585.1
"1205","29.Oct.2014",581.62
"1206","30.Oct.2014",576.65
"1207","03.Nov.2014",576.5
"1208","04.Nov.2014",580.62
"1209","05.Nov.2014",585.97
"1210","06.Nov.2014",588.48
"1211","07.Nov.2014",590.44
"1212","10.Nov.2014",589.72
"1213","11.Nov.2014",586.33
"1214","12.Nov.2014",590.58
"1215","13.Nov.2014",592.48
"1216","14.Nov.2014",594.14
"1217","17.Nov.2014",595.84
"1218","18.Nov.2014",595.22
"1219","19.Nov.2014",596.21
"1220","20.Nov.2014",599.53
"1221","21.Nov.2014",600.37
"1222","24.Nov.2014",595.32
"1223","25.Nov.2014",594.36
"1224","26.Nov.2014",597.89
"1225","27.Nov.2014",600.25
"1226","28.Nov.2014",598.94
"1227","01.Dec.2014",605.46
"1228","02.Dec.2014",610.79
"1229","03.Dec.2014",614.77
"1230","04.Dec.2014",612.44
"1231","05.Dec.2014",611.68
"1232","09.Dec.2014",611.4
"1233","10.Dec.2014",613.77
"1234","11.Dec.2014",615.49
"1235","12.Dec.2014",615.9
"1236","15.Dec.2014",617.45
"1237","16.Dec.2014",618.49
"1238","17.Dec.2014",621.41
"1239","18.Dec.2014",619.19
"1240","19.Dec.2014",614.16
"1241","22.Dec.2014",612.55
"1242","23.Dec.2014",610.26
"1243","24.Dec.2014",608.47
"1244","26.Dec.2014",609.17
"1245","29.Dec.2014",608.15
"1246","30.Dec.2014",607.38
"1247","02.Jan.2015",606.75
"1248","05.Jan.2015",612.47
"1249","06.Jan.2015",616.76
"1250","07.Jan.2015",616.09
"1251","08.Jan.2015",614.76
"1252","09.Jan.2015",613.08
"1253","12.Jan.2015",614.03
"1254","13.Jan.2015",616.52
"1255","14.Jan.2015",617.53
"1256","15.Jan.2015",625.38
"1257","16.Jan.2015",623.67
"1258","19.Jan.2015",627.01
"1259","20.Jan.2015",629.09
"1260","21.Jan.2015",627.23
"1261","22.Jan.2015",628.44
"1262","23.Jan.2015",625.95
"1263","26.Jan.2015",626.38
"1264","27.Jan.2015",625.67
"1265","28.Jan.2015",623.37
"1266","29.Jan.2015",622.44
"1267","30.Jan.2015",626.48
"1268","02.Feb.2015",632.03
"1269","03.Feb.2015",632.19
"1270","04.Feb.2015",626.97
"1271","05.Feb.2015",627.09
"1272","06.Feb.2015",624.8
"1273","09.Feb.2015",623.21
"1274","10.Feb.2015",626.04
"1275","11.Feb.2015",626.44
"1276","12.Feb.2015",628.22
"1277","13.Feb.2015",626.92
"1278","16.Feb.2015",620.18
"1279","17.Feb.2015",619.72
"1280","18.Feb.2015",619.72
"1281","19.Feb.2015",620.4
"1282","20.Feb.2015",620.33
"1283","23.Feb.2015",616.86
"1284","24.Feb.2015",621.18
"1285","25.Feb.2015",622.88
"1286","26.Feb.2015",619.5
"1287","27.Feb.2015",617.67
"1288","02.Mar.2015",618.76
"1289","03.Mar.2015",617.38
"1290","04.Mar.2015",617.6
"1291","05.Mar.2015",619.78
"1292","06.Mar.2015",619.61
"1293","09.Mar.2015",624.68
"1294","10.Mar.2015",628.47
"1295","11.Mar.2015",633.03
"1296","12.Mar.2015",637.59
"1297","13.Mar.2015",633.54
"1298","16.Mar.2015",639.02
"1299","17.Mar.2015",639.37
"1300","18.Mar.2015",640.84
"1301","19.Mar.2015",642.18
"1302","20.Mar.2015",638.82
"1303","23.Mar.2015",635.62
"1304","24.Mar.2015",627
"1305","25.Mar.2015",623.65
"1306","26.Mar.2015",619.79
"1307","27.Mar.2015",620.68
"1308","30.Mar.2015",622.79
"1309","31.Mar.2015",626.87
"1310","01.Apr.2015",626.58
"1311","02.Apr.2015",618.22
"1312","06.Apr.2015",614.77
"1313","07.Apr.2015",610.74
"1314","08.Apr.2015",611.01
"1315","09.Apr.2015",611.05
"1316","10.Apr.2015",613.91
"1317","13.Apr.2015",619.42
"1318","14.Apr.2015",621.1
"1319","15.Apr.2015",614.06
"1320","16.Apr.2015",616.7
"1321","17.Apr.2015",612.3
"1322","20.Apr.2015",612.73
"1323","21.Apr.2015",615.42
"1324","22.Apr.2015",616.42
"1325","23.Apr.2015",618.02
"1326","24.Apr.2015",618.12
"1327","27.Apr.2015",614.42
"1328","28.Apr.2015",611.08
"1329","29.Apr.2015",606.39
"1330","30.Apr.2015",606.82
"1331","04.May.2015",611.28
"1332","05.May.2015",614.48
"1333","06.May.2015",611.89
"1334","07.May.2015",608.84
"1335","08.May.2015",610.61
"1336","11.May.2015",605.77
"1337","12.May.2015",606.92
"1338","13.May.2015",607.31
"1339","14.May.2015",600.5
"1340","15.May.2015",598.4
"1341","18.May.2015",597.1
"1342","19.May.2015",599.06
"1343","20.May.2015",603.09
"1344","22.May.2015",605.41
"1345","25.May.2015",607.6
"1346","26.May.2015",609.87
"1347","27.May.2015",612.62
"1348","28.May.2015",616.14
"1349","29.May.2015",617.45
"1350","01.Jun.2015",616.66
"1351","02.Jun.2015",621.69
"1352","03.Jun.2015",622.21
"1353","04.Jun.2015",626.01
"1354","05.Jun.2015",628.06
"1355","08.Jun.2015",635.61
"1356","09.Jun.2015",633.7
"1357","10.Jun.2015",626.55
"1358","11.Jun.2015",624.45
"1359","12.Jun.2015",631.98
"1360","15.Jun.2015",631.06
"1361","16.Jun.2015",634.13
"1362","17.Jun.2015",633.69
"1363","18.Jun.2015",637.8
"1364","19.Jun.2015",629.59
"1365","22.Jun.2015",632.31
"1366","23.Jun.2015",630.64
"1367","24.Jun.2015",634.54
"1368","25.Jun.2015",632.82
"1369","26.Jun.2015",631.81
"1370","30.Jun.2015",634.58
"1371","01.Jul.2015",639.04
"1372","02.Jul.2015",639.04
"1373","03.Jul.2015",637.02
"1374","06.Jul.2015",636.39
"1375","07.Jul.2015",641.5
"1376","08.Jul.2015",648.33
"1377","09.Jul.2015",652.4
"1378","10.Jul.2015",646.94
"1379","13.Jul.2015",646.15
"1380","14.Jul.2015",647.68
"1381","15.Jul.2015",643.6
"1382","17.Jul.2015",643.07
"1383","20.Jul.2015",644.9
"1384","21.Jul.2015",649.3
"1385","22.Jul.2015",651.17
"1386","23.Jul.2015",654.19
"1387","24.Jul.2015",654.29
"1388","27.Jul.2015",660.67
"1389","28.Jul.2015",665.18
"1390","29.Jul.2015",664.5
"1391","30.Jul.2015",665.52
"1392","31.Jul.2015",672.19
"1393","03.Aug.2015",671.11
"1394","04.Aug.2015",678.44
"1395","05.Aug.2015",677.36
"1396","06.Aug.2015",682.55
"1397","07.Aug.2015",684.12
"1398","10.Aug.2015",678.36
"1399","11.Aug.2015",676.43
"1400","12.Aug.2015",680.32
"1401","13.Aug.2015",681.76
"1402","14.Aug.2015",684.89
"1403","17.Aug.2015",683.83
"1404","18.Aug.2015",689.36
"1405","19.Aug.2015",697.25
"1406","20.Aug.2015",694.88
"1407","21.Aug.2015",694.19
"1408","24.Aug.2015",693.94
"1409","25.Aug.2015",705.68
"1410","26.Aug.2015",699.91
"1411","27.Aug.2015",706.24
"1412","28.Aug.2015",699.69
"1413","31.Aug.2015",690.12
"1414","01.Sep.2015",695.25
"1415","02.Sep.2015",691.88
"1416","03.Sep.2015",688.24
"1417","04.Sep.2015",688.41
"1418","07.Sep.2015",691.22
"1419","08.Sep.2015",693.78
"1420","09.Sep.2015",688.33
"1421","10.Sep.2015",688.33
"1422","11.Sep.2015",691.03
"1423","14.Sep.2015",684.54
"1424","15.Sep.2015",688.65
"1425","16.Sep.2015",686.38
"1426","17.Sep.2015",680.16
"1427","21.Sep.2015",676.74
"1428","22.Sep.2015",682.67
"1429","23.Sep.2015",696.47
"1430","24.Sep.2015",700.43
"1431","25.Sep.2015",705.92
"1432","28.Sep.2015",697.91
"1433","29.Sep.2015",705.29
"1434","30.Sep.2015",704.68
"1435","01.Oct.2015",698.72
"1436","02.Oct.2015",695.53
"1437","05.Oct.2015",695.33
"1438","06.Oct.2015",685.83
"1439","07.Oct.2015",681.29
"1440","08.Oct.2015",678.59
"1441","09.Oct.2015",681.7
"1442","13.Oct.2015",675.37
"1443","14.Oct.2015",683.05
"1444","15.Oct.2015",681.07
"1445","16.Oct.2015",675.62
"1446","19.Oct.2015",673.91
"1447","20.Oct.2015",679.31
"1448","21.Oct.2015",684.21
"1449","22.Oct.2015",692.7
"1450","23.Oct.2015",691.62
"1451","26.Oct.2015",686.95
"1452","27.Oct.2015",685.64
"1453","28.Oct.2015",687.45
"1454","29.Oct.2015",687.37
"1455","30.Oct.2015",690.34
"1456","02.Nov.2015",690.32
"1457","03.Nov.2015",691.92
"1458","04.Nov.2015",691.19
"1459","05.Nov.2015",688.94
"1460","06.Nov.2015",693.49
"1461","09.Nov.2015",697.07
"1462","10.Nov.2015",701.26
"1463","11.Nov.2015",702.7
"1464","12.Nov.2015",699.08
"1465","13.Nov.2015",702.51
"1466","16.Nov.2015",705.09
"1467","17.Nov.2015",709.59
"1468","18.Nov.2015",710.46
"1469","19.Nov.2015",714.12
"1470","20.Nov.2015",711.96
"1471","23.Nov.2015",709.04
"1472","24.Nov.2015",715.66
"1473","25.Nov.2015",711.42
"1474","26.Nov.2015",713.47
"1475","27.Nov.2015",712.13
"1476","30.Nov.2015",712.63
"1477","01.Dec.2015",711.2
"1478","02.Dec.2015",707.15
"1479","03.Dec.2015",703.47
"1480","04.Dec.2015",701.56
"1481","07.Dec.2015",701.04
"1482","09.Dec.2015",706.34
"1483","10.Dec.2015",704.7
"1484","11.Dec.2015",703.54
"1485","14.Dec.2015",707.11
"1486","15.Dec.2015",711.52
"1487","16.Dec.2015",709.82
"1488","17.Dec.2015",709.23
"1489","18.Dec.2015",708.5
"1490","21.Dec.2015",702.7
"1491","22.Dec.2015",694.37
"1492","23.Dec.2015",693.72
"1493","24.Dec.2015",696.26
"1494","28.Dec.2015",700.77
"1495","29.Dec.2015",704.42
"1496","30.Dec.2015",707.34
"1497","04.Jan.2016",710.16
"1498","05.Jan.2016",716.94
"1499","06.Jan.2016",715.08
"1500","07.Jan.2016",715.84
"1501","08.Jan.2016",721.31
"1502","11.Jan.2016",723.31
"1503","12.Jan.2016",729.78
"1504","13.Jan.2016",730.28
"1505","14.Jan.2016",726.57
"1506","15.Jan.2016",725.98
"1507","18.Jan.2016",730.31
"1508","19.Jan.2016",730.2
"1509","20.Jan.2016",726.19
"1510","21.Jan.2016",729.22
"1511","22.Jan.2016",726.63
"1512","25.Jan.2016",715.63
"1513","26.Jan.2016",717.46
"1514","27.Jan.2016",720.14
"1515","28.Jan.2016",716.21
"1516","29.Jan.2016",711.72
"1517","01.Feb.2016",710.37
"1518","02.Feb.2016",714.44
"1519","03.Feb.2016",713.54
"1520","04.Feb.2016",709.43
"1521","05.Feb.2016",698.49
"1522","08.Feb.2016",700.02
"1523","09.Feb.2016",709.75
"1524","10.Feb.2016",715.41
"1525","11.Feb.2016",711.34
"1526","12.Feb.2016",713.47
"1527","15.Feb.2016",708.63
"1528","16.Feb.2016",701.39
"1529","17.Feb.2016",704.92
"1530","18.Feb.2016",705.44
"1531","19.Feb.2016",700.74
"1532","22.Feb.2016",702.38
"1533","23.Feb.2016",693.78
"1534","24.Feb.2016",693.23
"1535","25.Feb.2016",698.47
"1536","26.Feb.2016",691.36
"1537","29.Feb.2016",689.18
"1538","01.Mar.2016",694.17
"1539","02.Mar.2016",694.82
"1540","03.Mar.2016",688.48
"1541","04.Mar.2016",686.64
"1542","07.Mar.2016",681.39
"1543","08.Mar.2016",681.63
"1544","09.Mar.2016",682
"1545","10.Mar.2016",678.72
"1546","11.Mar.2016",678.22
"1547","14.Mar.2016",683
"1548","15.Mar.2016",684.74
"1549","16.Mar.2016",685.98
"1550","17.Mar.2016",688.11
"1551","18.Mar.2016",672.06
"1552","21.Mar.2016",671.97
"1553","22.Mar.2016",677.52
"1554","23.Mar.2016",677.42
"1555","24.Mar.2016",677.16
"1556","28.Mar.2016",682.36
"1557","29.Mar.2016",680.84
"1558","30.Mar.2016",683.16
"1559","31.Mar.2016",675.1
"1560","01.Apr.2016",669.8
"1561","04.Apr.2016",671.24
"1562","05.Apr.2016",669.55
"1563","06.Apr.2016",674.93
"1564","07.Apr.2016",676.62
"1565","08.Apr.2016",680.79
"1566","11.Apr.2016",682.45
"1567","12.Apr.2016",682.16
"1568","13.Apr.2016",674.58
"1569","14.Apr.2016",670.8
"1570","15.Apr.2016",668.38
"1571","18.Apr.2016",666.6
"1572","19.Apr.2016",666
"1573","20.Apr.2016",657.9
"1574","21.Apr.2016",660.38
"1575","22.Apr.2016",660.34
"1576","25.Apr.2016",666.8
"1577","26.Apr.2016",668.36
"1578","27.Apr.2016",669.01
"1579","28.Apr.2016",668.49
"1580","29.Apr.2016",663.4
"1581","02.May.2016",659.34
"1582","03.May.2016",660.88
"1583","04.May.2016",667.89
"1584","05.May.2016",670.36
"1585","06.May.2016",667.43
"1586","09.May.2016",666.89
"1587","10.May.2016",670.97
"1588","11.May.2016",677.2
"1589","12.May.2016",678.5
"1590","13.May.2016",682.55
"1591","16.May.2016",689.34
"1592","17.May.2016",692.52
"1593","18.May.2016",692.77
"1594","19.May.2016",691.32
"1595","20.May.2016",696.96
"1596","23.May.2016",692.19
"1597","24.May.2016",693.89
"1598","25.May.2016",692.87
"1599","26.May.2016",692.24
"1600","27.May.2016",687.34
"1601","30.May.2016",687.43
"1602","31.May.2016",690.27
"1603","01.Jun.2016",689.81
"1604","02.Jun.2016",693.61
"1605","03.Jun.2016",691.36
"1606","06.Jun.2016",683.27
"1607","07.Jun.2016",680.55
"1608","08.Jun.2016",679.85
"1609","09.Jun.2016",673.14
"1610","10.Jun.2016",678.18
"1611","13.Jun.2016",683.67
"1612","14.Jun.2016",685
"1613","15.Jun.2016",688.34
"1614","16.Jun.2016",685.89
"1615","17.Jun.2016",689.83
"1616","20.Jun.2016",685.64
"1617","21.Jun.2016",679.8
"1618","22.Jun.2016",676.03
"1619","23.Jun.2016",672.8
"1620","24.Jun.2016",669.88
"1621","28.Jun.2016",680.21
"1622","29.Jun.2016",674.16
"1623","30.Jun.2016",661.49
"1624","01.Jul.2016",661.37
"1625","04.Jul.2016",659.64
"1626","05.Jul.2016",659.26
"1627","06.Jul.2016",661.29
"1628","07.Jul.2016",664.51
"1629","08.Jul.2016",664.06
"1630","11.Jul.2016",661.5
"1631","12.Jul.2016",657.84
"1632","13.Jul.2016",657.82
"1633","14.Jul.2016",658.2
"1634","15.Jul.2016",650.92
"1635","18.Jul.2016",650.58
"1636","19.Jul.2016",650.84
"1637","20.Jul.2016",651.53
"1638","21.Jul.2016",651.43
"1639","22.Jul.2016",650.09
"1640","25.Jul.2016",650.78
"1641","26.Jul.2016",656.33
"1642","27.Jul.2016",661.04
"1643","28.Jul.2016",664.94
"1644","29.Jul.2016",664.94
"1645","01.Aug.2016",656.95
"1646","02.Aug.2016",657.47
"1647","03.Aug.2016",654.76
"1648","04.Aug.2016",657.21
"1649","05.Aug.2016",657.36
"1650","08.Aug.2016",656.98
"1651","09.Aug.2016",654.79
"1652","10.Aug.2016",653.06
"1653","11.Aug.2016",649.29
"1654","12.Aug.2016",645.22
"1655","16.Aug.2016",648.31
"1656","17.Aug.2016",649.01
"1657","18.Aug.2016",657.46
"1658","19.Aug.2016",656.05
"1659","22.Aug.2016",660.94
"1660","23.Aug.2016",667.31
"1661","24.Aug.2016",668.57
"1662","25.Aug.2016",671.49
"1663","26.Aug.2016",665.94
"1664","29.Aug.2016",662.93
"1665","30.Aug.2016",671.32
"1666","31.Aug.2016",673.17
"1667","01.Sep.2016",678.57
"1668","02.Sep.2016",680.28
"1669","05.Sep.2016",675.43
"1670","06.Sep.2016",673.61
"1671","07.Sep.2016",669.49
"1672","08.Sep.2016",660.95
"1673","09.Sep.2016",661.93
"1674","12.Sep.2016",670.61
"1675","13.Sep.2016",674.18
"1676","14.Sep.2016",672.97
"1677","15.Sep.2016",674.93
"1678","16.Sep.2016",671.36
"1679","20.Sep.2016",674.67
"1680","21.Sep.2016",672.73
"1681","22.Sep.2016",666.89
"1682","23.Sep.2016",657.32
"1683","26.Sep.2016",659.71
"1684","27.Sep.2016",662.34
"1685","28.Sep.2016",661.96
"1686","29.Sep.2016",662.27
"1687","30.Sep.2016",659.08
"1688","03.Oct.2016",658.02
"1689","04.Oct.2016",658.59
"1690","05.Oct.2016",662.29
"1691","06.Oct.2016",664.86
"1692","07.Oct.2016",666.97
"1693","11.Oct.2016",667.93
"1694","12.Oct.2016",667.47
"1695","13.Oct.2016",667.19
"1696","14.Oct.2016",670.88
"1697","17.Oct.2016",670.37
"1698","18.Oct.2016",670.61
"1699","19.Oct.2016",668.47
"1700","20.Oct.2016",667.41
"1701","21.Oct.2016",666.74
"1702","24.Oct.2016",667.09
"1703","25.Oct.2016",660.38
"1704","26.Oct.2016",653.98
"1705","27.Oct.2016",653.62
"1706","28.Oct.2016",651.65
"1707","02.Nov.2016",651.18
"1708","03.Nov.2016",653.55
"1709","04.Nov.2016",650.72
"1710","07.Nov.2016",654.87
"1711","08.Nov.2016",654.66
"1712","09.Nov.2016",651.32
"1713","10.Nov.2016",650.95
"1714","11.Nov.2016",656.36
"1715","14.Nov.2016",663.23
"1716","15.Nov.2016",668.29
"1717","16.Nov.2016",668.93
"1718","17.Nov.2016",675.77
"1719","18.Nov.2016",674.38
"1720","21.Nov.2016",678.28
"1721","22.Nov.2016",675.39
"1722","23.Nov.2016",674.37
"1723","24.Nov.2016",679.24
"1724","25.Nov.2016",677.56
"1725","28.Nov.2016",678.03
"1726","29.Nov.2016",675.91
"1727","30.Nov.2016",675.48
"1728","01.Dec.2016",673.54
"1729","02.Dec.2016",674.76
"1730","05.Dec.2016",672.58
"1731","06.Dec.2016",668.9
"1732","07.Dec.2016",662.05
"1733","09.Dec.2016",656.07
"1734","12.Dec.2016",653.55
"1735","13.Dec.2016",649.4
"1736","14.Dec.2016",650.25
"1737","15.Dec.2016",654.94
"1738","16.Dec.2016",663.68
"1739","19.Dec.2016",670.16
"1740","20.Dec.2016",677.11
"1741","21.Dec.2016",676.09
"1742","22.Dec.2016",672.24
"1743","23.Dec.2016",674.96
"1744","26.Dec.2016",673.48
"1745","27.Dec.2016",672.69
"1746","28.Dec.2016",673.73
"1747","29.Dec.2016",673.06
"1748","30.Dec.2016",667.29
"1749","03.Jan.2017",669.47
"1750","04.Jan.2017",673.36
"1751","05.Jan.2017",671.78
"1752","06.Jan.2017",666.41
"1753","09.Jan.2017",665.29
"1754","10.Jan.2017",670.35
"1755","11.Jan.2017",670.94
"1756","12.Jan.2017",671.69
"1757","13.Jan.2017",663.01
"1758","16.Jan.2017",660.13
"1759","17.Jan.2017",661.38
"1760","18.Jan.2017",657.85
"1761","19.Jan.2017",658.91
"1762","20.Jan.2017",660.18
"1763","23.Jan.2017",659.49
"1764","24.Jan.2017",652.92
"1765","25.Jan.2017",653.84
"1766","26.Jan.2017",650.98
"1767","27.Jan.2017",648.31
"1768","30.Jan.2017",649.92
"1769","31.Jan.2017",648.87
"1770","01.Feb.2017",646.19
"1771","02.Feb.2017",646.97
"1772","03.Feb.2017",643.18
"1773","06.Feb.2017",641.8
"1774","07.Feb.2017",639.35
"1775","08.Feb.2017",646.06
"1776","09.Feb.2017",646.58
"1777","10.Feb.2017",646.82
"1778","13.Feb.2017",642.62
"1779","14.Feb.2017",642.4
"1780","15.Feb.2017",641.89
"1781","16.Feb.2017",639.93
"1782","17.Feb.2017",638.35
"1783","20.Feb.2017",643.49
"1784","21.Feb.2017",642.21
"1785","22.Feb.2017",643.63
"1786","23.Feb.2017",641.51
"1787","24.Feb.2017",640.36
"1788","27.Feb.2017",645.66
"1789","28.Feb.2017",645.19
"1790","01.Mar.2017",648.88
"1791","02.Mar.2017",650.98
"1792","03.Mar.2017",654.11
"1793","06.Mar.2017",655.57
"1794","07.Mar.2017",658.71
"1795","08.Mar.2017",660.02
"1796","09.Mar.2017",661.65
"1797","10.Mar.2017",664.84
"1798","13.Mar.2017",663.4
"1799","14.Mar.2017",665.43
"1800","15.Mar.2017",669.07
"1801","16.Mar.2017",669.52
"1802","17.Mar.2017",661.2
"1803","20.Mar.2017",661.15
"1804","21.Mar.2017",662.35
"1805","22.Mar.2017",657.83
"1806","23.Mar.2017",662.84
"1807","24.Mar.2017",662.42
"1808","27.Mar.2017",661.64
"1809","28.Mar.2017",663.74
"1810","29.Mar.2017",666.04
"1811","30.Mar.2017",663.61
"1812","31.Mar.2017",662.66
"1813","03.Apr.2017",663.97
"1814","04.Apr.2017",658.16
"1815","05.Apr.2017",661.42
"1816","06.Apr.2017",657.74
"1817","07.Apr.2017",656.51
"1818","10.Apr.2017",656.47
"1819","11.Apr.2017",654.22
"1820","12.Apr.2017",652.8
"1821","13.Apr.2017",653.65
"1822","17.Apr.2017",650
"1823","18.Apr.2017",647.47
"1824","20.Apr.2017",647.68
"1825","21.Apr.2017",649.26
"1826","24.Apr.2017",650.65
"1827","25.Apr.2017",653.71
"1828","26.Apr.2017",660.04
"1829","27.Apr.2017",665.35
"1830","28.Apr.2017",664.28
"1831","02.May.2017",665.41
"1832","03.May.2017",666.95
"1833","04.May.2017",668.98
"1834","05.May.2017",673.89
"1835","08.May.2017",674.88
"1836","09.May.2017",676.32
"1837","10.May.2017",679.05
"1838","11.May.2017",672.92
"1839","12.May.2017",671.55
"1840","15.May.2017",671.03
"1841","16.May.2017",668.03
"1842","17.May.2017",666.26
"1843","18.May.2017",668.62
"1844","19.May.2017",675.8
"1845","22.May.2017",670.3
"1846","23.May.2017",668.21
"1847","24.May.2017",672.4
"1848","25.May.2017",674.27
"1849","26.May.2017",669.42
"1850","29.May.2017",670.25
"1851","30.May.2017",674.02
"1852","31.May.2017",675.31
"1853","01.Jun.2017",672.35
"1854","02.Jun.2017",672.37
"1855","05.Jun.2017",670.41
"1856","06.Jun.2017",668.89
"1857","07.Jun.2017",668.7
"1858","08.Jun.2017",668.36
"1859","09.Jun.2017",666.28
"1860","12.Jun.2017",664.47
"1861","13.Jun.2017",661.63
"1862","14.Jun.2017",662.19
"1863","15.Jun.2017",659.46
"1864","16.Jun.2017",665.23
"1865","19.Jun.2017",663.73
"1866","20.Jun.2017",662.47
"1867","21.Jun.2017",663.76
"1868","22.Jun.2017",664.54
"1869","23.Jun.2017",664
"1870","27.Jun.2017",661.72
"1871","28.Jun.2017",662.09
"1872","29.Jun.2017",662.36
"1873","30.Jun.2017",663.21
"1874","03.Jul.2017",664.29
"1875","04.Jul.2017",661.95
"1876","05.Jul.2017",663.36
"1877","06.Jul.2017",665.94
"1878","07.Jul.2017",666.22
"1879","10.Jul.2017",666.61
"1880","11.Jul.2017",666.53
"1881","12.Jul.2017",666.59
"1882","13.Jul.2017",663.46
"1883","14.Jul.2017",660.71
"1884","17.Jul.2017",658.18
"1885","18.Jul.2017",656.92
"1886","19.Jul.2017",656.01
"1887","20.Jul.2017",653.71
"1888","21.Jul.2017",651.56
"1889","24.Jul.2017",651.82
"1890","25.Jul.2017",650.65
"1891","26.Jul.2017",648.77
"1892","27.Jul.2017",648.75
"1893","28.Jul.2017",647.99
"1894","31.Jul.2017",651.58
"1895","01.Aug.2017",652.23
"1896","02.Aug.2017",651.93
"1897","03.Aug.2017",652.77
"1898","04.Aug.2017",650.17
"1899","07.Aug.2017",649.88
"1900","08.Aug.2017",650.52
"1901","09.Aug.2017",649.53
"1902","10.Aug.2017",649.5
"1903","11.Aug.2017",647.42
"1904","14.Aug.2017",647.77
"1905","16.Aug.2017",647.59
"1906","17.Aug.2017",645.86
"1907","18.Aug.2017",645.29
"1908","21.Aug.2017",646.57
"1909","22.Aug.2017",642.73
"1910","23.Aug.2017",641.47
"1911","24.Aug.2017",641.47
"1912","25.Aug.2017",638.64
"1913","28.Aug.2017",636.61
"1914","29.Aug.2017",630.33
"1915","30.Aug.2017",626.68
"1916","31.Aug.2017",628.36
"1917","01.Sep.2017",628.89
"1918","04.Sep.2017",624.2
"1919","05.Sep.2017",624.68
"1920","06.Sep.2017",621.55
"1921","07.Sep.2017",620.59
"1922","08.Sep.2017",615.58
"1923","11.Sep.2017",618.36
"1924","12.Sep.2017",621.69
"1925","13.Sep.2017",624.31
"1926","14.Sep.2017",626.12
"1927","15.Sep.2017",627.26
"1928","20.Sep.2017",625.53
"1929","21.Sep.2017",621.87
"1930","22.Sep.2017",623.94
"1931","25.Sep.2017",623.85
"1932","26.Sep.2017",628.37
"1933","27.Sep.2017",633.37
"1934","28.Sep.2017",638.28
"1935","29.Sep.2017",636.85
"1936","02.Oct.2017",637.93
"1937","03.Oct.2017",640.52
"1938","04.Oct.2017",635.79
"1939","05.Oct.2017",630.67
"1940","06.Oct.2017",628.84
"1941","10.Oct.2017",633.32
"1942","11.Oct.2017",628.8
"1943","12.Oct.2017",626.77
"1944","13.Oct.2017",624.99
"1945","16.Oct.2017",622.13
"1946","17.Oct.2017",619.68
"1947","18.Oct.2017",622.07
"1948","19.Oct.2017",625.03
"1949","20.Oct.2017",625.55
"1950","23.Oct.2017",628.68
"1951","24.Oct.2017",630.97
"1952","25.Oct.2017",631.96
"1953","26.Oct.2017",631.12
"1954","30.Oct.2017",629.62
"1955","31.Oct.2017",636.49
"1956","02.Nov.2017",636.8
"1957","03.Nov.2017",631.97
"1958","06.Nov.2017",630.81
"1959","07.Nov.2017",632.97
"1960","08.Nov.2017",633.72
"1961","09.Nov.2017",631.8
"1962","10.Nov.2017",631.46
"1963","13.Nov.2017",630.61
"1964","14.Nov.2017",632.43
"1965","15.Nov.2017",630.59
"1966","16.Nov.2017",631.9
"1967","17.Nov.2017",630.41
"1968","20.Nov.2017",629.21
"1969","21.Nov.2017",636.71
"1970","22.Nov.2017",635.72
"1971","23.Nov.2017",634.82
"1972","24.Nov.2017",634.23
"1973","27.Nov.2017",633.66
"1974","28.Nov.2017",635.8
"1975","29.Nov.2017",641.09
"1976","30.Nov.2017",642.41
"1977","01.Dec.2017",645.32
"1978","04.Dec.2017",648.78
"1979","05.Dec.2017",648.21
"1980","06.Dec.2017",652.52
"1981","07.Dec.2017",653.82
"1982","11.Dec.2017",655.27
"1983","12.Dec.2017",655.53
"1984","13.Dec.2017",655.74
"1985","14.Dec.2017",649.4
"1986","15.Dec.2017",641.05
"1987","18.Dec.2017",638.37
"1988","19.Dec.2017",622.86
"1989","20.Dec.2017",620.62
"1990","21.Dec.2017",620.58
"1991","22.Dec.2017",620.54
"1992","26.Dec.2017",622.11
"1993","27.Dec.2017",619.03
"1994","28.Dec.2017",616.58
"1995","29.Dec.2017",615.22
"1996","02.Jan.2018",614.75
"1997","03.Jan.2018",609.49
"1998","04.Jan.2018",604.84
"1999","05.Jan.2018",604
"2000","08.Jan.2018",606.04
"2001","09.Jan.2018",606.29
"2002","10.Jan.2018",607.25
"2003","11.Jan.2018",609.17
"2004","12.Jan.2018",608.04
"2005","15.Jan.2018",604.09
"2006","16.Jan.2018",601.69
"2007","17.Jan.2018",601.69
"2008","18.Jan.2018",604.99
"2009","19.Jan.2018",605.45
"2010","22.Jan.2018",606.55
"2011","23.Jan.2018",606.28
"2012","24.Jan.2018",608.15
"2013","25.Jan.2018",604.12
"2014","26.Jan.2018",599.33
"2015","29.Jan.2018",600.37
"2016","30.Jan.2018",604.63
"2017","31.Jan.2018",604.42
"2018","01.Feb.2018",603.25
"2019","02.Feb.2018",599.19
"2020","05.Feb.2018",601.26
"2021","06.Feb.2018",603.07
"2022","07.Feb.2018",601.23
"2023","08.Feb.2018",596.53
"2024","09.Feb.2018",600.74
"2025","12.Feb.2018",603.07
"2026","13.Feb.2018",600.35
"2027","14.Feb.2018",596.99
"2028","15.Feb.2018",596.66
"2029","16.Feb.2018",592.66
"2030","19.Feb.2018",593.15
"2031","20.Feb.2018",594.58
"2032","21.Feb.2018",595.63
"2033","22.Feb.2018",594.7
"2034","23.Feb.2018",594.73
"2035","26.Feb.2018",591.56
"2036","27.Feb.2018",588.28
"2037","28.Feb.2018",589.15
"2038","01.Mar.2018",593.61
"2039","02.Mar.2018",596.15
"2040","05.Mar.2018",598.04
"2041","06.Mar.2018",600.51
"2042","07.Mar.2018",595.93
"2043","08.Mar.2018",601.91
"2044","09.Mar.2018",605.22
"2045","12.Mar.2018",603.56
"2046","13.Mar.2018",603.85
"2047","14.Mar.2018",602.19
"2048","15.Mar.2018",601.16
"2049","16.Mar.2018",603.54
"2050","19.Mar.2018",607.6
"2051","20.Mar.2018",609.39
"2052","21.Mar.2018",609.58
"2053","22.Mar.2018",607.23
"2054","23.Mar.2018",607.76
"2055","26.Mar.2018",608.14
"2056","27.Mar.2018",606.07
"2057","28.Mar.2018",605.65
"2058","29.Mar.2018",605.26
"2059","02.Apr.2018",603.39
"2060","03.Apr.2018",604.06
"2061","04.Apr.2018",603.66
"2062","05.Apr.2018",604.81
"2063","06.Apr.2018",602.71
"2064","09.Apr.2018",605.17
"2065","10.Apr.2018",604.54
"2066","11.Apr.2018",601.99
"2067","12.Apr.2018",599.2
"2068","13.Apr.2018",596.96
"2069","16.Apr.2018",595.45
"2070","17.Apr.2018",595.99
"2071","18.Apr.2018",595.82
"2072","19.Apr.2018",594.41
"2073","20.Apr.2018",594.42
"2074","23.Apr.2018",596.26
"2075","24.Apr.2018",600.58
"2076","25.Apr.2018",599.87
"2077","26.Apr.2018",603.16
"2078","27.Apr.2018",603.31
"2079","30.Apr.2018",605.74
"2080","02.May.2018",610.98
"2081","03.May.2018",617.69
"2082","04.May.2018",619.18
"2083","07.May.2018",621.36
"2084","08.May.2018",627.08
"2085","09.May.2018",636
"2086","10.May.2018",632.92
"2087","11.May.2018",626.82
"2088","14.May.2018",618.5
"2089","15.May.2018",622.94
"2090","16.May.2018",632.73
"2091","17.May.2018",630.89
"2092","18.May.2018",632.36
"2093","22.May.2018",637.03
"2094","23.May.2018",627.17
"2095","24.May.2018",625.01
"2096","25.May.2018",624.31
"2097","28.May.2018",625.29
"2098","29.May.2018",624.39
"2099","30.May.2018",627.52
"2100","31.May.2018",628.33
"2101","01.Jun.2018",631.29
"2102","04.Jun.2018",631.86
"2103","05.Jun.2018",630.38
"2104","06.Jun.2018",633.92
"2105","07.Jun.2018",629.21
"2106","08.Jun.2018",630.63
"2107","11.Jun.2018",630.45
"2108","12.Jun.2018",632.81
"2109","13.Jun.2018",634.17
"2110","14.Jun.2018",634.57
"2111","15.Jun.2018",633.99
"2112","18.Jun.2018",636.35
"2113","19.Jun.2018",637.35
"2114","20.Jun.2018",641.51
"2115","21.Jun.2018",639.03
"2116","22.Jun.2018",640.69
"2117","25.Jun.2018",637.45
"2118","26.Jun.2018",639.38
"2119","27.Jun.2018",640.21
"2120","28.Jun.2018",645.87
"2121","29.Jun.2018",647.95
"2122","03.Jul.2018",651.21
"2123","04.Jul.2018",652.05
"2124","05.Jul.2018",653.2
"2125","06.Jul.2018",655.29
"2126","09.Jul.2018",657.33
"2127","10.Jul.2018",651.74
"2128","11.Jul.2018",650.43
"2129","12.Jul.2018",652.37
"2130","13.Jul.2018",648.05
"2131","17.Jul.2018",648.59
"2132","18.Jul.2018",653.89
"2133","19.Jul.2018",655.52
"2134","20.Jul.2018",661.71
"2135","23.Jul.2018",659.09
"2136","24.Jul.2018",662.43
"2137","25.Jul.2018",655.72
"2138","26.Jul.2018",649.14
"2139","27.Jul.2018",648.4
"2140","30.Jul.2018",643.19
"2141","31.Jul.2018",638.79
"2142","01.Aug.2018",639.2
"2143","02.Aug.2018",641.05
"2144","03.Aug.2018",644.32
"2145","06.Aug.2018",643.83
"2146","07.Aug.2018",646.78
"2147","08.Aug.2018",642.11
"2148","09.Aug.2018",644.1
"2149","10.Aug.2018",645.95
"2150","13.Aug.2018",653.98
"2151","14.Aug.2018",658.7
"2152","16.Aug.2018",661.75
"2153","17.Aug.2018",666.13
"2154","20.Aug.2018",668.44
"2155","21.Aug.2018",669.82
"2156","22.Aug.2018",665.02
"2157","23.Aug.2018",660.67
"2158","24.Aug.2018",665.58
"2159","27.Aug.2018",662.64
"2160","28.Aug.2018",656.81
"2161","29.Aug.2018",658.45
"2162","30.Aug.2018",666.81
"2163","31.Aug.2018",675.38
"2164","03.Sep.2018",680.48
"2165","04.Sep.2018",684.13
"2166","05.Sep.2018",693.13
"2167","06.Sep.2018",691.05
"2168","07.Sep.2018",684.97
"2169","10.Sep.2018",688.44
"2170","11.Sep.2018",692.62
"2171","12.Sep.2018",698.43
"2172","13.Sep.2018",691.06
"2173","14.Sep.2018",682.79
"2174","20.Sep.2018",684.86
"2175","21.Sep.2018",673.74
"2176","24.Sep.2018",666.44
"2177","25.Sep.2018",667.17
"2178","26.Sep.2018",670.84
"2179","27.Sep.2018",663.9
"2180","28.Sep.2018",661.5
"2181","01.Oct.2018",660.42
"2182","02.Oct.2018",656.25
"2183","03.Oct.2018",658.91
"2184","04.Oct.2018",659.3
"2185","05.Oct.2018",670.4
"2186","08.Oct.2018",672.6
"2187","09.Oct.2018",680.67
"2188","10.Oct.2018",683.49
"2189","11.Oct.2018",683.57
"2190","12.Oct.2018",683.7
"2191","16.Oct.2018",678.21
"2192","17.Oct.2018",670.45
"2193","18.Oct.2018",670.08
"2194","19.Oct.2018",674.68
"2195","22.Oct.2018",676.89
"2196","23.Oct.2018",680.21
"2197","24.Oct.2018",685.09
"2198","25.Oct.2018",686.88
"2199","26.Oct.2018",687.48
"2200","29.Oct.2018",690.01
"2201","30.Oct.2018",687.9
"2202","31.Oct.2018",693.31
"2203","05.Nov.2018",698.56
"2204","06.Nov.2018",682.78
"2205","07.Nov.2018",680.03
"2206","08.Nov.2018",676.13
"2207","09.Nov.2018",675.94
"2208","12.Nov.2018",681.41
"2209","13.Nov.2018",685.46
"2210","14.Nov.2018",688.76
"2211","15.Nov.2018",687
"2212","16.Nov.2018",678.49
"2213","19.Nov.2018",672.41
"2214","20.Nov.2018",670.05
"2215","21.Nov.2018",671.35
"2216","22.Nov.2018",669.45
"2217","23.Nov.2018",667.46
"2218","26.Nov.2018",673.31
"2219","27.Nov.2018",675.89
"2220","28.Nov.2018",675.97
"2221","29.Nov.2018",672.36
"2222","30.Nov.2018",669.43
"2223","03.Dec.2018",671.09
"2224","04.Dec.2018",666.49
"2225","05.Dec.2018",669.02
"2226","06.Dec.2018",671.79
"2227","07.Dec.2018",677.78
"2228","10.Dec.2018",674.04
"2229","11.Dec.2018",677
"2230","12.Dec.2018",679.9
"2231","13.Dec.2018",678.77
"2232","14.Dec.2018",681.17
"2233","17.Dec.2018",686.44
"2234","18.Dec.2018",685.13
"2235","19.Dec.2018",688.53
"2236","20.Dec.2018",688.46
"2237","21.Dec.2018",688.11
"2238","24.Dec.2018",691.87
"2239","26.Dec.2018",692.69
"2240","27.Dec.2018",693.78
"2241","28.Dec.2018",695.69
"2242","02.Jan.2019",694.77
"2243","03.Jan.2019",697.09
"2244","04.Jan.2019",697.64
"2245","07.Jan.2019",688.42
"2246","08.Jan.2019",679.69
"2247","09.Jan.2019",680.1
"2248","10.Jan.2019",678.09
"2249","11.Jan.2019",677.58
"2250","14.Jan.2019",675.15
"2251","15.Jan.2019",674.95
"2252","16.Jan.2019",673.76
"2253","17.Jan.2019",672.73
"2254","18.Jan.2019",671.37
"2255","21.Jan.2019",670.1
"2256","22.Jan.2019",672.42
"2257","23.Jan.2019",672.26
"2258","24.Jan.2019",672.41
"2259","25.Jan.2019",672.14
"2260","28.Jan.2019",667.04
"2261","29.Jan.2019",671.29
"2262","30.Jan.2019",669.6
"2263","31.Jan.2019",666.76
"2264","01.Feb.2019",657.81
"2265","04.Feb.2019",655.39
"2266","05.Feb.2019",653.8
"2267","06.Feb.2019",652.78
"2268","07.Feb.2019",653.9
"2269","08.Feb.2019",654.44
"2270","11.Feb.2019",656.46
"2271","12.Feb.2019",660.82
"2272","13.Feb.2019",660.49
"2273","14.Feb.2019",661.6
"2274","15.Feb.2019",665.9
"2275","18.Feb.2019",663.98
"2276","19.Feb.2019",660.82
"2277","20.Feb.2019",658.75
"2278","21.Feb.2019",654.52
"2279","22.Feb.2019",654.33
"2280","25.Feb.2019",651.36
"2281","26.Feb.2019",649.22
"2282","27.Feb.2019",649.8
"2283","28.Feb.2019",649.92
"2284","01.Mar.2019",651.79
"2285","04.Mar.2019",656.57
"2286","05.Mar.2019",659.07
"2287","06.Mar.2019",657.49
"2288","07.Mar.2019",658.4
"2289","08.Mar.2019",662.19
"2290","11.Mar.2019",670.83
"2291","12.Mar.2019",669.37
"2292","13.Mar.2019",667.09
"2293","14.Mar.2019",665.68
"2294","15.Mar.2019",670.62
"2295","18.Mar.2019",669.39
"2296","19.Mar.2019",667.21
"2297","20.Mar.2019",664.78
"2298","21.Mar.2019",666.13
"2299","22.Mar.2019",665.12
"2300","25.Mar.2019",676.6
"2301","26.Mar.2019",679.08
"2302","27.Mar.2019",679.02
"2303","28.Mar.2019",683.73
"2304","29.Mar.2019",681.09
"2305","01.Apr.2019",678.53
"2306","02.Apr.2019",672.56
"2307","03.Apr.2019",670.05
"2308","04.Apr.2019",667.55
"2309","05.Apr.2019",666.32
"2310","08.Apr.2019",664.17
"2311","09.Apr.2019",663.01
"2312","10.Apr.2019",663.15
"2313","11.Apr.2019",662.92
"2314","12.Apr.2019",664.19
"2315","15.Apr.2019",660.67
"2316","16.Apr.2019",662.86
"2317","17.Apr.2019",663.98
"2318","18.Apr.2019",660.48
"2319","22.Apr.2019",662.27
"2320","23.Apr.2019",663.91
"2321","24.Apr.2019",668.19
"2322","25.Apr.2019",672.83
"2323","26.Apr.2019",676.21
"2324","29.Apr.2019",673.86
"2325","30.Apr.2019",677.67
"2326","02.May.2019",678.71
"2327","03.May.2019",683.31
"2328","06.May.2019",678.68
"2329","07.May.2019",681.09
"2330","08.May.2019",683.49
"2331","09.May.2019",684.51
"2332","10.May.2019",686.43
"2333","13.May.2019",685.67
"2334","14.May.2019",693.04
"2335","15.May.2019",692.33
"2336","16.May.2019",692.62
"2337","17.May.2019",692.79
"2338","20.May.2019",696.61
"2339","22.May.2019",697.23
"2340","23.May.2019",696.7
"2341","24.May.2019",698.03
"2342","27.May.2019",694.84
"2343","28.May.2019",696.46
"2344","29.May.2019",703.48
"2345","30.May.2019",708.2
"2346","31.May.2019",707.86
"2347","03.Jun.2019",709.8
"2348","04.Jun.2019",704.59
"2349","05.Jun.2019",696.78
"2350","06.Jun.2019",693.25
"2351","07.Jun.2019",692.21
"2352","10.Jun.2019",692.28
"2353","11.Jun.2019",697.34
"2354","12.Jun.2019",693.6
"2355","13.Jun.2019",694.89
"2356","14.Jun.2019",696.25
"2357","17.Jun.2019",698.72
"2358","18.Jun.2019",699.52
"2359","19.Jun.2019",696.81
"2360","20.Jun.2019",693.99
"2361","21.Jun.2019",684.19
"2362","24.Jun.2019",683.41
"2363","25.Jun.2019",682.31
"2364","26.Jun.2019",678.32
"2365","27.Jun.2019",680.06
"2366","28.Jun.2019",679.86
"2367","01.Jul.2019",679.15
"2368","02.Jul.2019",677.62
"2369","03.Jul.2019",681.3
"2370","04.Jul.2019",680.48
"2371","05.Jul.2019",677.64
"2372","08.Jul.2019",683.12
"2373","09.Jul.2019",685.83
"2374","10.Jul.2019",688.88
"2375","11.Jul.2019",685.4
"2376","12.Jul.2019",683.38
"2377","15.Jul.2019",681.07
"2378","17.Jul.2019",679.48
"2379","18.Jul.2019",681.69
"2380","19.Jul.2019",683.27
"2381","22.Jul.2019",685.81
"2382","23.Jul.2019",688.28
"2383","24.Jul.2019",691.57
"2384","25.Jul.2019",691.36
"2385","26.Jul.2019",694.16
"2386","29.Jul.2019",696.62
"2387","30.Jul.2019",697.22
"2388","31.Jul.2019",699.98
"2389","01.Aug.2019",700.82
"2390","02.Aug.2019",704.88
"2391","05.Aug.2019",711.13
"2392","06.Aug.2019",721.7
"2393","07.Aug.2019",716.35
"2394","08.Aug.2019",718.55
"2395","09.Aug.2019",710.98
"2396","12.Aug.2019",712.04
"2397","13.Aug.2019",716.69
"2398","14.Aug.2019",708.37
"2399","16.Aug.2019",710.14
"2400","19.Aug.2019",709.26
"2401","20.Aug.2019",711.94
"2402","21.Aug.2019",710.63
"2403","22.Aug.2019",709.52
"2404","23.Aug.2019",713.22
"2405","26.Aug.2019",716.4
"2406","27.Aug.2019",718.75
"2407","28.Aug.2019",721.55
"2408","29.Aug.2019",724.2
"2409","30.Aug.2019",720.65
"2410","02.Sep.2019",720.2
"2411","03.Sep.2019",724.72
"2412","04.Sep.2019",725.69
"2413","05.Sep.2019",723.3
"2414","06.Sep.2019",717.52
"2415","09.Sep.2019",711.22
"2416","10.Sep.2019",713.72
"2417","11.Sep.2019",714.77
"2418","12.Sep.2019",714.39
"2419","13.Sep.2019",711.29
"2420","16.Sep.2019",707.07
"2421","17.Sep.2019",709.81
"2422","23.Sep.2019",715.24
"2423","24.Sep.2019",722.17
"2424","25.Sep.2019",721.92
"2425","26.Sep.2019",727.08
"2426","27.Sep.2019",726.17
"2427","30.Sep.2019",725.68
"2428","01.Oct.2019",728.21
"2429","02.Oct.2019",729.38
"2430","03.Oct.2019",727.8
"2431","04.Oct.2019",719.53
"2432","07.Oct.2019",715.53
"2433","08.Oct.2019",717.05
"2434","09.Oct.2019",722.28
"2435","10.Oct.2019",724.27
"2436","11.Oct.2019",720.61
"2437","14.Oct.2019",712.98
"2438","15.Oct.2019",712.04
"2439","16.Oct.2019",715.48
"2440","17.Oct.2019",718.69
"2441","18.Oct.2019",713.23
"2442","21.Oct.2019",709.71
"2443","22.Oct.2019",723.52
"2444","23.Oct.2019",726.24
"2445","24.Oct.2019",726.15
"2446","25.Oct.2019",723.43
"2447","28.Oct.2019",725.87
"2448","29.Oct.2019",724.37
"2449","30.Oct.2019",726.34
"2450","04.Nov.2019",735.05
"2451","05.Nov.2019",736.66
"2452","06.Nov.2019",745.85
"2453","07.Nov.2019",743.65
"2454","08.Nov.2019",740.23
"2455","11.Nov.2019",746.23
"2456","12.Nov.2019",756.08
"2457","13.Nov.2019",783.72
"2458","14.Nov.2019",794.51
"2459","15.Nov.2019",801.83
"2460","18.Nov.2019",782.82
"2461","19.Nov.2019",773.81
"2462","20.Nov.2019",782.71
"2463","21.Nov.2019",797.17
"2464","22.Nov.2019",795.14
"2465","25.Nov.2019",795.94
"2466","26.Nov.2019",791.16
"2467","27.Nov.2019",793.49
"2468","28.Nov.2019",806.3
"2469","29.Nov.2019",828.25
"2470","02.Dec.2019",812.13
"2471","03.Dec.2019",804.29
"2472","04.Dec.2019",802.44
"2473","05.Dec.2019",796.75
"2474","06.Dec.2019",784.25
"2475","09.Dec.2019",779.04
"2476","10.Dec.2019",771.29
"2477","11.Dec.2019",778.14
"2478","12.Dec.2019",772.93
"2479","13.Dec.2019",768.69
"2480","16.Dec.2019",766.76
"2481","17.Dec.2019",762.83
"2482","18.Dec.2019",756.95
"2483","19.Dec.2019",752.3
"2484","20.Dec.2019",752.6
"2485","23.Dec.2019",749.83
"2486","24.Dec.2019",754.27
"2487","26.Dec.2019",751.04
"2488","27.Dec.2019",746.66
"2489","30.Dec.2019",744.62
"2490","02.Jan.2020",748.74
"2491","03.Jan.2020",754.16
"2492","06.Jan.2020",758.49
"2493","07.Jan.2020",771.82
"2494","08.Jan.2020",773.12
"2495","09.Jan.2020",766.83
"2496","10.Jan.2020",764.69
"2497","13.Jan.2020",770.56
"2498","14.Jan.2020",777.66
"2499","15.Jan.2020",772.29
"2500","16.Jan.2020",772.01
"2501","17.Jan.2020",773.36
"2502","20.Jan.2020",771.38
"2503","21.Jan.2020",769.93
"2504","22.Jan.2020",770.5
"2505","23.Jan.2020",772.12
"2506","24.Jan.2020",771.94
"2507","27.Jan.2020",776.52
"2508","28.Jan.2020",787.86
"2509","29.Jan.2020",788.13
"2510","30.Jan.2020",788.18
"2511","31.Jan.2020",797.96
"2512","03.Feb.2020",799.11
"2513","04.Feb.2020",790.92
"2514","05.Feb.2020",781.78
"2515","06.Feb.2020",776.99
"2516","07.Feb.2020",779.12
"2517","10.Feb.2020",788.8
"2518","11.Feb.2020",795.88
"2519","12.Feb.2020",792.48
"2520","13.Feb.2020",788.33
"2521","14.Feb.2020",795.12
"2522","17.Feb.2020",792.73
"2523","18.Feb.2020",791.95
"2524","19.Feb.2020",796.9
"2525","20.Feb.2020",797.4
"2526","21.Feb.2020",804.74
"2527","24.Feb.2020",809.82
"2528","25.Feb.2020",810.2
"2529","26.Feb.2020",807.96
"2530","27.Feb.2020",811.1
"2531","28.Feb.2020",816.26
"2532","02.Mar.2020",818.32
"2533","03.Mar.2020",817.45
"2534","04.Mar.2020",809.81
"2535","05.Mar.2020",812.19
"2536","06.Mar.2020",823.28
"2537","09.Mar.2020",828.95
"2538","10.Mar.2020",841.06
"2539","11.Mar.2020",834.22
"2540","12.Mar.2020",835.48
"2541","13.Mar.2020",852.06
"2542","16.Mar.2020",836.66
"2543","17.Mar.2020",850.51
"2544","18.Mar.2020",855.09
"2545","19.Mar.2020",862.69
"2546","20.Mar.2020",867.83
"2547","23.Mar.2020",851.01
"2548","24.Mar.2020",861.07
"2549","25.Mar.2020",847.04
"2550","26.Mar.2020",843.96
"2551","27.Mar.2020",836.05
"2552","30.Mar.2020",835.23
"2553","31.Mar.2020",846.3
"2554","01.Apr.2020",852.03
"2555","02.Apr.2020",863.81
"2556","03.Apr.2020",861.89
"2557","06.Apr.2020",863.99
"2558","07.Apr.2020",853.91
"2559","08.Apr.2020",842.05
"2560","09.Apr.2020",851.9
"2561","13.Apr.2020",839.49
"2562","14.Apr.2020",844.57
"2563","15.Apr.2020",848.63
"2564","16.Apr.2020",859.31
"2565","17.Apr.2020",852.52
"2566","20.Apr.2020",849.45
"2567","21.Apr.2020",856.23
"2568","22.Apr.2020",862.06
"2569","23.Apr.2020",856.51
"2570","24.Apr.2020",858.87
"2571","27.Apr.2020",859.95
"2572","28.Apr.2020",856.76
"2573","29.Apr.2020",850.41
"2574","30.Apr.2020",836.62
"2575","04.May.2020",837.92
"2576","05.May.2020",838.74
"2577","06.May.2020",832.84
"2578","07.May.2020",839.08
"2579","08.May.2020",836.27
"2580","11.May.2020",827.65
"2581","12.May.2020",826.05
"2582","13.May.2020",821.88
"2583","14.May.2020",820.38
"2584","15.May.2020",822.93
"2585","18.May.2020",823.86
"2586","19.May.2020",820.65
"2587","20.May.2020",819.08
"2588","22.May.2020",806.17
"2589","25.May.2020",805.75
"2590","26.May.2020",803.74
"2591","27.May.2020",802.1
"2592","28.May.2020",816.47
"2593","29.May.2020",812.74
"2594","01.Jun.2020",806.32
"2595","02.Jun.2020",796.46
"2596","03.Jun.2020",782.86
"2597","04.Jun.2020",769.13
"2598","05.Jun.2020",775.58
"2599","08.Jun.2020",764.97
"2600","09.Jun.2020",769.26
"2601","10.Jun.2020",771.96
"2602","11.Jun.2020",767.93
"2603","12.Jun.2020",784.65
"2604","15.Jun.2020",790.73
"2605","16.Jun.2020",796.87
"2606","17.Jun.2020",779.1
"2607","18.Jun.2020",798.53
"2608","19.Jun.2020",812.19
"2609","22.Jun.2020",817.33
"2610","23.Jun.2020",816.02
"2611","24.Jun.2020",817.9
"2612","25.Jun.2020",820.68
"2613","26.Jun.2020",813.25
"2614","30.Jun.2020",816.36
"2615","01.Jul.2020",821.23
"2616","02.Jul.2020",816.29
"2617","03.Jul.2020",803.98
"2618","06.Jul.2020",801.46
"2619","07.Jul.2020",798.79
"2620","08.Jul.2020",793.88
"2621","09.Jul.2020",786.18
"2622","10.Jul.2020",781.74
"2623","13.Jul.2020",790.82
"2624","14.Jul.2020",788.22
"2625","15.Jul.2020",787.87
"2626","17.Jul.2020",787.5
"2627","20.Jul.2020",787.26
"2628","21.Jul.2020",786.04
"2629","22.Jul.2020",777.66
"2630","23.Jul.2020",769.06
"2631","24.Jul.2020",767.17
"2632","27.Jul.2020",768.63
"2633","28.Jul.2020",768.81
"2634","29.Jul.2020",767.82
"2635","30.Jul.2020",759.18
"2636","31.Jul.2020",754.45
"2637","03.Aug.2020",757.06
"2638","04.Aug.2020",761.34
"2639","05.Aug.2020",767.98
"2640","06.Aug.2020",774.82
"2641","07.Aug.2020",777.18
"2642","10.Aug.2020",784.28
"2643","11.Aug.2020",796.58
"2644","12.Aug.2020",793.61
"2645","13.Aug.2020",792.69
"2646","14.Aug.2020",793.32
"2647","17.Aug.2020",796.73
"2648","18.Aug.2020",803.4
"2649","19.Aug.2020",796.23
"2650","20.Aug.2020",784.25
"2651","21.Aug.2020",785.84
"2652","24.Aug.2020",790.88
"2653","25.Aug.2020",786.17
"2654","26.Aug.2020",784.44
"2655","27.Aug.2020",786.91
"2656","28.Aug.2020",784.27
"2657","31.Aug.2020",779.92
"2658","01.Sep.2020",776.46
"2659","02.Sep.2020",770.59
"2660","03.Sep.2020",771.45
"2661","04.Sep.2020",773.71
"2662","07.Sep.2020",773.76
"2663","08.Sep.2020",773.24
"2664","09.Sep.2020",776.65
"2665","10.Sep.2020",767.87
"2666","11.Sep.2020",764.99
"2667","14.Sep.2020",768.34
"2668","15.Sep.2020",767.01
"2669","16.Sep.2020",760.01
"2670","17.Sep.2020",761.54
"2671","21.Sep.2020",764.34
"2672","22.Sep.2020",772.83
"2673","23.Sep.2020",773.4
"2674","24.Sep.2020",781.44
"2675","25.Sep.2020",788.02
"2676","28.Sep.2020",787.15
"2677","29.Sep.2020",784.19
"2678","30.Sep.2020",784.46
"2679","01.Oct.2020",788.15
"2680","02.Oct.2020",785.04
"2681","05.Oct.2020",790.81
"2682","06.Oct.2020",794.34
"2683","07.Oct.2020",797.35
"2684","08.Oct.2020",795.05
"2685","09.Oct.2020",797.25
"2686","13.Oct.2020",796.05
"2687","14.Oct.2020",797.66
"2688","15.Oct.2020",798.56
"2689","16.Oct.2020",801.91
"2690","19.Oct.2020",795.68
"2691","20.Oct.2020",788.27
"2692","21.Oct.2020",786.66
"2693","22.Oct.2020",784.07
"2694","23.Oct.2020",781.41
"2695","26.Oct.2020",777.72
"2696","27.Oct.2020",779.57
"2697","28.Oct.2020",772.05
"2698","29.Oct.2020",775.56
"2699","30.Oct.2020",770.45
"2700","02.Nov.2020",771.92
"2701","03.Nov.2020",769.17
"2702","04.Nov.2020",758.53
"2703","05.Nov.2020",757.16
"2704","06.Nov.2020",752.01
"2705","09.Nov.2020",759.25
"2706","10.Nov.2020",753.75
"2707","11.Nov.2020",760.9
"2708","12.Nov.2020",757.42
"2709","13.Nov.2020",757.43
"2710","16.Nov.2020",766.7
"2711","17.Nov.2020",767.86
"2712","18.Nov.2020",767.05
"2713","19.Nov.2020",758.1
"2714","20.Nov.2020",758.62
"2715","23.Nov.2020",761.55
"2716","24.Nov.2020",765.96
"2717","25.Nov.2020",772.83
"2718","26.Nov.2020",771.68
"2719","27.Nov.2020",766
"2720","30.Nov.2020",766.69
"2721","01.Dec.2020",767.29
"2722","02.Dec.2020",760.16
"2723","03.Dec.2020",755.34
"2724","04.Dec.2020",752.03
"2725","07.Dec.2020",747.61
"2726","09.Dec.2020",744.82
"2727","10.Dec.2020",739.45
"2728","11.Dec.2020",738.17
"2729","14.Dec.2020",733.55
"2730","15.Dec.2020",731.58
"2731","16.Dec.2020",734.23
"2732","17.Dec.2020",735.09
"2733","18.Dec.2020",723.44
"2734","21.Dec.2020",723.85
"2735","22.Dec.2020",730.7
"2736","23.Dec.2020",728.96
"2737","24.Dec.2020",716.25
"2738","28.Dec.2020",710.26
"2739","29.Dec.2020",710.64
"2740","30.Dec.2020",711.24
"2741","04.Jan.2021",710.95
"2742","05.Jan.2021",702.93
"2743","06.Jan.2021",702.29
"2744","07.Jan.2021",696.18
"2745","08.Jan.2021",709.99
"2746","11.Jan.2021",713.28
"2747","12.Jan.2021",718.89
"2748","13.Jan.2021",725.24
"2749","14.Jan.2021",739.72
"2750","15.Jan.2021",735.35
"2751","18.Jan.2021",735.06
"2752","19.Jan.2021",736.11
"2753","20.Jan.2021",733.73
"2754","21.Jan.2021",730.38
"2755","22.Jan.2021",715.56
"2756","25.Jan.2021",724.26
"2757","26.Jan.2021",731.92
"2758","27.Jan.2021",731
"2759","28.Jan.2021",736.88
"2760","29.Jan.2021",741.4
"2761","01.Feb.2021",734.62
"2762","02.Feb.2021",731.66
"2763","03.Feb.2021",734.86
"2764","04.Feb.2021",730.53
"2765","05.Feb.2021",737.23
"2766","08.Feb.2021",736.65
"2767","09.Feb.2021",735.07
"2768","10.Feb.2021",733.13
"2769","11.Feb.2021",728.9
"2770","12.Feb.2021",722.52
"2771","15.Feb.2021",724.39
"2772","16.Feb.2021",718.45
"2773","17.Feb.2021",717.38
"2774","18.Feb.2021",719.78
"2775","19.Feb.2021",712.14
"2776","22.Feb.2021",707.12
"2777","23.Feb.2021",709.65
"2778","24.Feb.2021",706.76
"2779","25.Feb.2021",703.65
"2780","26.Feb.2021",708.04
"2781","01.Mar.2021",719.91
"2782","02.Mar.2021",721.2
"2783","03.Mar.2021",726.74
"2784","04.Mar.2021",731.3
"2785","05.Mar.2021",729.15
"2786","08.Mar.2021",733.11
"2787","09.Mar.2021",738.46
"2788","10.Mar.2021",733.42
"2789","11.Mar.2021",728.89
"2790","12.Mar.2021",718.4
"2791","15.Mar.2021",718.37
"2792","16.Mar.2021",721.49
"2793","17.Mar.2021",723.47
"2794","18.Mar.2021",730.93
"2795","19.Mar.2021",724.59
"2796","22.Mar.2021",717.96
"2797","23.Mar.2021",716.46
"2798","24.Mar.2021",720.62
"2799","25.Mar.2021",723.35
"2800","26.Mar.2021",730.82
"2801","29.Mar.2021",729.5
"2802","30.Mar.2021",736.17
"2803","31.Mar.2021",732.11
"2804","01.Apr.2021",721.82
"2805","05.Apr.2021",717.12
"2806","06.Apr.2021",717.9
"2807","07.Apr.2021",718.17
"2808","08.Apr.2021",714.21
"2809","09.Apr.2021",708.09
"2810","12.Apr.2021",711.23
"2811","13.Apr.2021",709.51
"2812","14.Apr.2021",708.71
"2813","15.Apr.2021",707.25
"2814","16.Apr.2021",701.98
"2815","19.Apr.2021",701.55
"2816","20.Apr.2021",700.96
"2817","21.Apr.2021",697.19
"2818","22.Apr.2021",696.8
"2819","23.Apr.2021",705.41
"2820","26.Apr.2021",712.54
"2821","27.Apr.2021",707.05
"2822","28.Apr.2021",702.02
"2823","29.Apr.2021",700.15
"2824","30.Apr.2021",705.09
"2825","03.May.2021",711.06
"2826","04.May.2021",706.29
"2827","05.May.2021",705.25
"2828","06.May.2021",703.09
"2829","07.May.2021",701.27
"2830","10.May.2021",694.47
"2831","11.May.2021",693.74
"2832","12.May.2021",700.04
"2833","13.May.2021",707.19
"2834","14.May.2021",708.64
"2835","17.May.2021",703.17
"2836","18.May.2021",715.62
"2837","19.May.2021",713.63
"2838","20.May.2021",715.31
"2839","24.May.2021",716.41
"2840","25.May.2021",727.09
"2841","26.May.2021",734.75
"2842","27.May.2021",732.82
"2843","28.May.2021",730.43
"2844","31.May.2021",724.92
"2845","01.Jun.2021",722.11
"2846","02.Jun.2021",721.52
"2847","03.Jun.2021",720.44
"2848","04.Jun.2021",719.93
"2849","07.Jun.2021",717.12
"2850","08.Jun.2021",716.06
"2851","09.Jun.2021",717.82
"2852","10.Jun.2021",718.98
"2853","11.Jun.2021",720.77
"2854","14.Jun.2021",720.28
"2855","15.Jun.2021",719.17
"2856","16.Jun.2021",725.11
"2857","17.Jun.2021",726.62
"2858","18.Jun.2021",735.69
"2859","22.Jun.2021",746.17
"2860","23.Jun.2021",749.34
"2861","24.Jun.2021",735.13
"2862","25.Jun.2021",731.1
"2863","29.Jun.2021",732.25
"2864","30.Jun.2021",735.28
"2865","01.Jul.2021",727.76
"2866","02.Jul.2021",737.79
"2867","05.Jul.2021",735.06
"2868","06.Jul.2021",734.66
"2869","07.Jul.2021",743.25
"2870","08.Jul.2021",751.36
"2871","09.Jul.2021",753.67
"2872","12.Jul.2021",748.7
"2873","13.Jul.2021",744.1
"2874","14.Jul.2021",746.56
"2875","15.Jul.2021",747.93
"2876","19.Jul.2021",754.17
"2877","20.Jul.2021",759.71
"2878","21.Jul.2021",758.85
"2879","22.Jul.2021",755.37
"2880","23.Jul.2021",750.81
"2881","26.Jul.2021",758.44
"2882","27.Jul.2021",764.21
"2883","28.Jul.2021",761.03
"2884","29.Jul.2021",767.29
"2885","30.Jul.2021",758.53
"2886","02.Aug.2021",760.2
"2887","03.Aug.2021",761.39
"2888","04.Aug.2021",774.54
"2889","05.Aug.2021",775.54
"2890","06.Aug.2021",776.69
"2891","09.Aug.2021",784.5
"2892","10.Aug.2021",787.4
"2893","11.Aug.2021",780.08
"2894","12.Aug.2021",773.01
"2895","13.Aug.2021",772.78
"2896","16.Aug.2021",774.25
"2897","17.Aug.2021",784.18
"2898","18.Aug.2021",789.62
"2899","19.Aug.2021",787.71
"2900","20.Aug.2021",789.98
"2901","23.Aug.2021",786.43
"2902","24.Aug.2021",783.3
"2903","25.Aug.2021",782.17
"2904","26.Aug.2021",783.03
"2905","27.Aug.2021",785.06
"2906","30.Aug.2021",784.39
"2907","31.Aug.2021",779.97
"2908","01.Sep.2021",775.14
"2909","02.Sep.2021",767.1
"2910","03.Sep.2021",768.36
"2911","06.Sep.2021",766.53
"2912","07.Sep.2021",770.33
"2913","08.Sep.2021",777.94
"2914","09.Sep.2021",787.51
"2915","10.Sep.2021",791.28
"2916","13.Sep.2021",789.91
"2917","14.Sep.2021",784.26
"2918","15.Sep.2021",783.25
"2919","16.Sep.2021",781.85
"2920","20.Sep.2021",780.59
"2921","21.Sep.2021",788.05
"2922","22.Sep.2021",785.1
"2923","23.Sep.2021",785.03
"2924","24.Sep.2021",787.24
"2925","27.Sep.2021",788.98
"2926","28.Sep.2021",795.48
"2927","29.Sep.2021",798.63
"2928","30.Sep.2021",803.59
"2929","01.Oct.2021",811.9
"2930","04.Oct.2021",803.9
"2931","05.Oct.2021",805.89
"2932","06.Oct.2021",810.63
"2933","07.Oct.2021",816.28
"2934","08.Oct.2021",813.62
"2935","12.Oct.2021",820.18
"2936","13.Oct.2021",827.56
"2937","14.Oct.2021",820.19
"2938","15.Oct.2021",816.81
"2939","18.Oct.2021",826.19
"2940","19.Oct.2021",820.29
"2941","20.Oct.2021",813.33
"2942","21.Oct.2021",811.55
"2943","22.Oct.2021",817.61
"2944","25.Oct.2021",816.58
"2945","26.Oct.2021",810.16
"2946","27.Oct.2021",806.55
"2947","28.Oct.2021",804.32
"2948","29.Oct.2021",805.47
"2949","02.Nov.2021",810.91
"2950","03.Nov.2021",814.42
"2951","04.Nov.2021",815.52
"2952","05.Nov.2021",815.58
"2953","08.Nov.2021",812.4
"2954","09.Nov.2021",806.61
"2955","10.Nov.2021",797.78
"2956","11.Nov.2021",791.71
"2957","12.Nov.2021",791.3
"2958","15.Nov.2021",797.8
"2959","16.Nov.2021",801.96
"2960","17.Nov.2021",806.24
"2961","18.Nov.2021",819.56
"2962","19.Nov.2021",834.57
"2963","22.Nov.2021",832.72
"2964","23.Nov.2021",808.14
"2965","24.Nov.2021",809.94
"2966","25.Nov.2021",811.7
"2967","26.Nov.2021",819.59
"2968","29.Nov.2021",829.94
"2969","30.Nov.2021",836.73
"2970","01.Dec.2021",837.55
"2971","02.Dec.2021",828.17
"2972","03.Dec.2021",837.72
"2973","06.Dec.2021",837.69
"2974","07.Dec.2021",842.32
"2975","09.Dec.2021",839.53
"2976","10.Dec.2021",841.32
"2977","13.Dec.2021",849.16
"2978","14.Dec.2021",843.43
"2979","15.Dec.2021",846.43
"2980","16.Dec.2021",848.52
"2981","17.Dec.2021",849.65
"2982","20.Dec.2021",846.64
"2983","21.Dec.2021",863.21
"2984","22.Dec.2021",868.76
"2985","23.Dec.2021",866.25
"2986","24.Dec.2021",857.14
"2987","27.Dec.2021",863.29
"2988","28.Dec.2021",858.59
"2989","29.Dec.2021",855.94
"2990","30.Dec.2021",850.25
"2991","03.Jan.2022",844.69
"2992","04.Jan.2022",851.43
"2993","05.Jan.2022",852.03
"2994","06.Jan.2022",841.63
"2995","07.Jan.2022",838.88
"2996","10.Jan.2022",831.59
"2997","11.Jan.2022",831.39
"2998","12.Jan.2022",832.6
"2999","13.Jan.2022",826.51
"3000","14.Jan.2022",821.87
"3001","17.Jan.2022",815.39
"3002","18.Jan.2022",822
"3003","19.Jan.2022",820.6
"3004","20.Jan.2022",813.46
"3005","21.Jan.2022",805.25
"3006","24.Jan.2022",799.23
"3007","25.Jan.2022",800.31
"3008","26.Jan.2022",806.06
"3009","27.Jan.2022",798.86
"3010","28.Jan.2022",799.15
"3011","31.Jan.2022",810.12
"3012","01.Feb.2022",803.88
"3013","02.Feb.2022",801.52
"3014","03.Feb.2022",805.95
"3015","04.Feb.2022",817.29
"3016","07.Feb.2022",825.58
"3017","08.Feb.2022",826.93
"3018","09.Feb.2022",824.33
"3019","10.Feb.2022",820.79
"3020","11.Feb.2022",804.2
"3021","14.Feb.2022",806.24
"3022","15.Feb.2022",812.24
"3023","16.Feb.2022",804.17
"3024","17.Feb.2022",799.55
"3025","18.Feb.2022",798.98
"3026","21.Feb.2022",793.91
"3027","22.Feb.2022",799.99
"3028","23.Feb.2022",796.25
"3029","24.Feb.2022",787.05
"3030","25.Feb.2022",807.26
"3031","28.Feb.2022",805.25
"3032","01.Mar.2022",798.01
"3033","02.Mar.2022",803.27
"3034","03.Mar.2022",807.31
"3035","04.Mar.2022",800.97
"3036","07.Mar.2022",806.89
"3037","08.Mar.2022",808.6
"3038","09.Mar.2022",812.03
"3039","10.Mar.2022",803.57
"3040","11.Mar.2022",806.03
"3041","14.Mar.2022",802.48
"3042","15.Mar.2022",808.41
"3043","16.Mar.2022",815.03
"3044","17.Mar.2022",803.55
"3045","18.Mar.2022",798.13
"3046","21.Mar.2022",802.23
"3047","22.Mar.2022",798.5
"3048","23.Mar.2022",793.22
"3049","24.Mar.2022",794.44
"3050","25.Mar.2022",789.87
"3051","28.Mar.2022",785.89
"3052","29.Mar.2022",778.62
"3053","30.Mar.2022",777.1
"3054","31.Mar.2022",787.16
"3055","01.Apr.2022",787.98
"3056","04.Apr.2022",783.45
"3057","05.Apr.2022",779.33
"3058","06.Apr.2022",783.28
"3059","07.Apr.2022",794.58
"3060","08.Apr.2022",807.88
"3061","11.Apr.2022",814.28
"3062","12.Apr.2022",818.53
"3063","13.Apr.2022",806.73
"3064","14.Apr.2022",804.78
"3065","18.Apr.2022",814.73
"3066","19.Apr.2022",817.7
"3067","20.Apr.2022",818.18
"3068","21.Apr.2022",816.29
"3069","22.Apr.2022",817.85
"3070","25.Apr.2022",834.45
"3071","26.Apr.2022",850.85
"3072","27.Apr.2022",847.57
"3073","28.Apr.2022",847.44
"3074","29.Apr.2022",856.58
"3075","02.May.2022",850.78
"3076","03.May.2022",860.64
"3077","04.May.2022",856.74
"3078","05.May.2022",859.33
"3079","06.May.2022",863.1
"3080","09.May.2022",857.58
"3081","10.May.2022",867.87
"3082","11.May.2022",868.06
"3083","12.May.2022",861.76
"3084","13.May.2022",867.93
"3085","16.May.2022",861.04
"3086","17.May.2022",857.98
"3087","18.May.2022",850.78
"3088","19.May.2022",849.9
"3089","20.May.2022",842.38
"3090","23.May.2022",833.58
"3091","24.May.2022",829.59
"3092","25.May.2022",833.99
"3093","26.May.2022",835.43
"3094","27.May.2022",829.61
"3095","30.May.2022",822.25
"3096","31.May.2022",826.26
"3097","01.Jun.2022",824.35
"3098","02.Jun.2022",825.28
"3099","03.Jun.2022",815.56
"3100","06.Jun.2022",813.38
"3101","07.Jun.2022",817.99
"3102","08.Jun.2022",828.99
"3103","09.Jun.2022",821.66
"3104","10.Jun.2022",827.19
"3105","13.Jun.2022",838.61
"3106","14.Jun.2022",863.33
"3107","15.Jun.2022",866.79
"3108","16.Jun.2022",863.95
"3109","17.Jun.2022",869.62
"3110","20.Jun.2022",875.65
"3111","22.Jun.2022",880.82
"3112","23.Jun.2022",886.64
"3113","24.Jun.2022",898.8
"3114","28.Jun.2022",911.49
"3115","29.Jun.2022",905.32
"3116","30.Jun.2022",919.97
"3117","01.Jul.2022",932.08
"3118","04.Jul.2022",934.54
"3119","05.Jul.2022",927.53
"3120","06.Jul.2022",948.51
"3121","07.Jul.2022",972.66
"3122","08.Jul.2022",959.7
"3123","11.Jul.2022",966.74
"3124","12.Jul.2022",989.95
"3125","13.Jul.2022",1008.81
"3126","14.Jul.2022",1010.16
"3127","15.Jul.2022",1042.97
"3128","18.Jul.2022",988.22
"3129","19.Jul.2022",940.9
"3130","20.Jul.2022",929.83
"3131","21.Jul.2022",919.93
"3132","22.Jul.2022",927.49
"3133","25.Jul.2022",932.83
"3134","26.Jul.2022",941.03
"3135","27.Jul.2022",922.04
"3136","28.Jul.2022",920.49
"3137","29.Jul.2022",911.42
"3138","01.Aug.2022",905.1
"3139","02.Aug.2022",893.19
"3140","03.Aug.2022",897.22
"3141","04.Aug.2022",907.82
"3142","05.Aug.2022",903.91
"3143","08.Aug.2022",914.49
"3144","09.Aug.2022",906.03
"3145","10.Aug.2022",900.78
"3146","11.Aug.2022",889.38
"3147","12.Aug.2022",882.33
"3148","16.Aug.2022",882.72
"3149","17.Aug.2022",882.2
"3150","18.Aug.2022",895.76
"3151","19.Aug.2022",918.2
"3152","22.Aug.2022",945.35
"3153","23.Aug.2022",945.47
"3154","24.Aug.2022",926.94
"3155","25.Aug.2022",915.6
"3156","26.Aug.2022",910.03
"3157","29.Aug.2022",900.22
"3158","30.Aug.2022",890.9
"3159","31.Aug.2022",882.11
"3160","01.Sep.2022",898.04
"3161","02.Sep.2022",898.24
"3162","05.Sep.2022",885.52
"3163","06.Sep.2022",866.28
"3164","07.Sep.2022",888.51
"3165","08.Sep.2022",886.34
"3166","09.Sep.2022",881.04
"3167","12.Sep.2022",885.15
"3168","13.Sep.2022",898.69
"3169","14.Sep.2022",910.27
"3170","15.Sep.2022",917.11
"3171","20.Sep.2022",922.6
"3172","21.Sep.2022",928.25
"3173","22.Sep.2022",938.82
"3174","23.Sep.2022",943.07
"3175","26.Sep.2022",965.18
"3176","27.Sep.2022",987.07
"3177","28.Sep.2022",982.83
"3178","29.Sep.2022",971.14
"3179","30.Sep.2022",966
"3180","03.Oct.2022",960.24
"3181","04.Oct.2022",955.42
"3182","05.Oct.2022",931.12
"3183","06.Oct.2022",942.02
"3184","07.Oct.2022",943.92
"3185","11.Oct.2022",945.06
"3186","12.Oct.2022",933.88
"3187","13.Oct.2022",933.14
"3188","14.Oct.2022",944.75
"3189","17.Oct.2022",950.72
"3190","18.Oct.2022",967.73
"3191","19.Oct.2022",972.03
"3192","20.Oct.2022",978.06
"3193","21.Oct.2022",972.08
"3194","24.Oct.2022",978.49
"3195","25.Oct.2022",983.91
"3196","26.Oct.2022",971.12
"3197","27.Oct.2022",953
"3198","28.Oct.2022",945.31
"3199","02.Nov.2022",936.35
"3200","03.Nov.2022",937.79
"3201","04.Nov.2022",948.74
"3202","07.Nov.2022",932.37
"3203","08.Nov.2022",919.58
